STATE/UT,DISTRICT,YEAR,MURDER,CULPABLE HOMICIDE,RAPE,KIDNAPPING & ABDUCTION,DACOITY,ROBBERY,BURGLARY,THEFT,RIOTS,CRIMINAL BREACH OF TRUST,CHEATING,DOWRY DEATHS,ASSAULT ON WOMEN,INSULT TO MODESTY OF WOMEN,CRUELTY BY HUSBAND OR HIS RELATIVES,,,,,
ANDHRA PRADESH,TOTAL,2001,2602,136,871,1182,214,629,7220,16751,3001,788,5391,420,3544,2271,5791,,,,,
ARUNACHAL PRADESH,TOTAL,2001,83,3,33,83,22,84,248,443,24,41,30,0,78,3,11,,,,,
ASSAM,TOTAL,2001,1356,40,817,1480,532,687,2423,5367,2953,374,575,59,850,4,1248,,,,,
BIHAR,TOTAL,2001,3643,250,888,2159,1291,2203,3233,9701,8606,946,1659,859,562,21,1558,,,,,
CHHATTISGARH,TOTAL,2001,880,45,959,207,87,338,4144,4812,871,154,402,70,1763,161,840,,,,,
GOA,TOTAL,2001,36,5,12,9,7,25,359,576,64,39,62,2,17,7,11,,,,,
GUJARAT,TOTAL,2001,1226,94,286,998,327,991,5142,15834,1930,1748,1779,67,756,111,3667,,,,,
HARYANA,TOTAL,2001,781,78,398,449,77,397,3109,6117,750,556,1016,285,478,401,1513,,,,,
HIMACHAL PRADESH,TOTAL,2001,119,11,124,126,4,28,844,600,628,69,146,10,310,14,317,,,,,
JAMMU & KASHMIR,TOTAL,2001,1075,33,169,606,24,161,1345,1919,1072,90,391,13,622,288,50,,,,,
JHARKHAND,TOTAL,2001,1507,143,567,441,636,647,1266,3827,2018,283,554,217,297,5,484,,,,,
KARNATAKA,TOTAL,2001,1626,74,293,559,178,847,6394,12868,6686,494,2678,220,1665,81,1755,,,,,
KERALA,TOTAL,2001,472,111,562,183,176,517,4474,5441,8108,428,2756,27,1942,81,2561,,,,,
MADHYA PRADESH,TOTAL,2001,2425,125,2851,956,166,1764,13549,20263,3395,481,1413,609,7063,751,2562,,,,,
MAHARASHTRA,TOTAL,2001,2839,101,1302,985,529,2239,15073,39866,6719,1542,4273,308,2823,1120,6090,,,,,
MANIPUR,TOTAL,2001,209,5,20,94,20,19,75,217,131,33,66,0,21,0,5,,,,,
MEGHALAYA,TOTAL,2001,164,2,26,55,97,125,170,271,8,19,29,0,25,0,4,,,,,
MIZORAM,TOTAL,2001,31,5,52,2,3,23,417,878,3,23,71,0,52,0,16,,,,,
NAGALAND,TOTAL,2001,101,9,17,23,11,129,163,258,2,20,34,0,6,0,0,,,,,
ODISHA,TOTAL,2001,987,53,790,522,199,958,3093,5622,1426,285,681,294,1655,458,1266,,,,,
PUNJAB,TOTAL,2001,738,80,298,513,45,131,1902,3023,1,368,2621,159,372,47,1128,,,,,
RAJASTHAN,TOTAL,2001,1259,63,1049,2718,60,889,7284,16939,11214,1026,6644,376,2878,56,5532,,,,,
SIKKIM,TOTAL,2001,19,7,8,6,0,3,76,74,3,1,13,0,0,14,0,,,,,
TAMIL NADU,TOTAL,2001,1662,19,423,952,158,672,5965,16709,5196,360,2139,191,1773,1012,815,,,,,
TRIPURA,TOTAL,2001,240,0,102,93,26,63,198,259,138,4,17,16,58,0,227,,,,,
UTTAR PRADESH,TOTAL,2001,7601,1186,1958,4330,905,3825,8411,27011,7343,3430,5363,2211,2870,2575,7365,,,,,
UTTARAKHAND,TOTAL,2001,316,38,74,183,32,191,533,1419,440,171,318,56,103,84,301,,,,,
WEST BENGAL,TOTAL,2001,1594,581,709,875,274,660,426,14245,3095,486,1216,265,954,48,3859,,,,,
A & N ISLANDS,TOTAL,2001,13,0,3,2,0,4,64,65,13,10,8,0,19,1,9,,,,,
CHANDIGARH,TOTAL,2001,15,6,18,56,5,22,364,1529,91,26,155,3,24,15,36,,,,,
D & N HAVELI,TOTAL,2001,3,0,6,4,0,2,34,45,4,13,12,0,7,0,4,,,,,
DAMAN & DIU,TOTAL,2001,7,0,0,5,0,0,43,40,23,5,9,0,0,0,4,,,,,
DELHI,TOTAL,2001,547,63,381,1627,48,624,3029,19276,165,479,2183,113,502,90,138,,,,,
LAKSHADWEEP,TOTAL,2001,1,0,0,0,0,0,1,10,1,1,0,0,0,0,0,,,,,
PUDUCHERRY,TOTAL,2001,25,1,9,4,1,4,111,528,100,5,23,1,35,27,3,,,,,
ANDHRA PRADESH,TOTAL,2002,2525,165,1002,1302,197,648,7628,19222,2140,1050,6733,449,3799,2024,7018,,,,,
ARUNACHAL PRADESH,TOTAL,2002,61,6,38,57,22,96,249,395,21,23,29,0,68,2,13,,,,,
ASSAM,TOTAL,2002,1253,55,970,1595,473,607,2504,5555,3014,558,719,70,984,7,1694,,,,,
BIHAR,TOTAL,2002,3712,396,1040,2361,1289,2288,3188,10145,8675,1215,1811,927,621,6,1577,,,,,
CHHATTISGARH,TOTAL,2002,844,24,992,178,144,326,3731,4302,817,96,393,85,1483,147,653,,,,,
GOA,TOTAL,2002,30,4,12,9,5,24,376,496,79,27,78,2,18,6,8,,,,,
GUJARAT,TOTAL,2002,1532,13,267,1015,804,1098,5327,15742,3665,1385,1457,62,750,104,3321,,,,,
HARYANA,TOTAL,2002,760,89,361,427,61,330,3048,5962,700,579,933,256,454,1424,1565,,,,,
HIMACHAL PRADESH,TOTAL,2002,123,6,137,138,0,18,710,564,646,75,137,6,326,12,234,,,,,
JAMMU & KASHMIR,TOTAL,2002,1048,31,192,674,42,163,1321,2020,996,91,382,18,785,368,54,,,,,
JHARKHAND,TOTAL,2002,1488,115,797,468,580,780,1419,4374,2281,333,441,275,411,3,588,,,,,
KARNATAKA,TOTAL,2002,1627,55,292,645,178,972,6480,13818,6838,485,2764,233,1648,100,1826,,,,,
KERALA,TOTAL,2002,454,210,499,162,137,610,4624,5743,8090,357,2924,17,2123,102,2836,,,,,
MADHYA PRADESH,TOTAL,2002,2395,194,2891,964,136,1829,13344,20759,3178,507,1240,674,7118,783,3117,,,,,
MAHARASHTRA,TOTAL,2002,2768,93,1352,953,548,2136,14471,37606,6360,1468,4145,303,2686,769,5353,,,,,
MANIPUR,TOTAL,2002,165,3,14,157,3,6,44,255,64,28,72,0,58,0,10,,,,,
MEGHALAYA,TOTAL,2002,167,3,38,52,64,109,154,392,9,9,33,0,23,0,0,,,,,
MIZORAM,TOTAL,2002,29,5,76,7,5,7,446,999,1,26,85,0,73,0,3,,,,,
NAGALAND,TOTAL,2002,100,5,17,27,21,110,128,257,5,10,21,0,1,0,0,,,,,
ODISHA,TOTAL,2002,1075,58,691,523,246,945,2884,5268,1598,246,793,248,1605,188,1167,,,,,
PUNJAB,TOTAL,2002,733,79,299,551,50,110,1928,2963,2,373,2716,166,341,145,944,,,,,
RAJASTHAN,TOTAL,2002,1276,68,1051,2587,47,734,6661,16313,7178,938,7286,399,2730,44,5691,,,,,
SIKKIM,TOTAL,2002,13,2,6,9,0,5,66,64,15,3,48,0,17,0,3,,,,,
TAMIL NADU,TOTAL,2002,1723,36,534,1001,176,653,5533,18755,4252,288,2017,243,1877,1718,1052,,,,,
TRIPURA,TOTAL,2002,201,1,108,128,29,56,192,270,180,12,20,16,128,0,236,,,,,
UTTAR PRADESH,TOTAL,2002,6825,1243,1415,3430,552,2840,6126,22419,4878,2738,5026,1893,2145,1887,5679,,,,,
UTTARAKHAND,TOTAL,2002,292,47,89,198,32,177,554,1365,342,145,312,66,145,97,316,,,,,
WEST BENGAL,TOTAL,2002,1444,540,759,831,204,544,348,12449,2461,451,1315,273,964,34,4069,,,,,
A & N ISLANDS,TOTAL,2002,17,1,2,2,1,7,49,49,11,4,11,0,17,3,4,,,,,
CHANDIGARH,TOTAL,2002,31,7,18,54,1,26,336,1647,78,35,181,1,36,28,56,,,,,
D & N HAVELI,TOTAL,2002,11,0,4,9,3,1,38,75,5,12,10,0,3,0,3,,,,,
DAMAN & DIU,TOTAL,2002,8,0,0,3,2,1,56,56,16,5,10,0,0,0,3,,,,,
DELHI,TOTAL,2002,531,68,403,1323,47,502,2360,16625,139,444,2098,135,446,128,135,,,,,
LAKSHADWEEP,TOTAL,2002,0,0,1,0,0,0,9,12,18,0,0,0,1,0,0,,,,,
PUDUCHERRY,TOTAL,2002,29,2,6,10,2,6,129,526,193,11,31,5,59,26,9,,,,,
ANDHRA PRADESH,TOTAL,2003,2667,147,946,1485,176,660,9050,23408,2328,1099,7581,466,4128,2286,8167,,,,,
ARUNACHAL PRADESH,TOTAL,2003,77,3,31,68,37,60,253,370,7,28,21,0,43,0,14,,,,,
ASSAM,TOTAL,2003,1191,48,1095,1628,471,523,2606,5525,3340,611,894,60,878,6,1808,,,,,
BIHAR,TOTAL,2003,3771,298,985,2427,1221,2463,2986,10124,8029,1105,1947,909,688,11,1880,,,,,
CHHATTISGARH,TOTAL,2003,776,51,898,177,140,331,3621,4170,703,76,412,79,1481,105,601,,,,,
GOA,TOTAL,2003,34,6,31,14,5,21,257,464,47,60,106,2,19,7,24,,,,,
GUJARAT,TOTAL,2003,1114,29,236,1044,338,1267,5844,19304,1824,1873,1975,54,722,92,3684,,,,,
HARYANA,TOTAL,2003,702,76,353,388,63,281,2981,5591,639,586,900,222,344,1302,1618,,,,,
HIMACHAL PRADESH,TOTAL,2003,125,5,126,113,8,19,707,627,610,63,130,6,250,18,221,,,,,
JAMMU & KASHMIR,TOTAL,2003,929,29,211,712,23,154,1526,1949,1167,116,408,10,875,376,71,,,,,
JHARKHAND,TOTAL,2003,1482,109,712,487,702,864,1468,4155,2481,265,479,262,424,2,559,,,,,
KARNATAKA,TOTAL,2003,1506,58,321,531,220,861,6055,14180,5784,495,2752,194,1585,84,1704,,,,,
KERALA,TOTAL,2003,435,343,394,189,142,634,4409,4891,6798,323,3061,33,1947,68,2930,,,,,
MADHYA PRADESH,TOTAL,2003,2227,203,2738,887,153,1578,12884,20422,2729,549,1222,648,6848,705,2938,,,,,
MAHARASHTRA,TOTAL,2003,2772,113,1268,926,514,2096,13892,37098,5714,1561,5005,368,2661,682,5452,,,,,
MANIPUR,TOTAL,2003,150,6,18,120,3,6,68,252,73,16,76,0,44,0,4,,,,,
MEGHALAYA,TOTAL,2003,175,17,40,49,83,133,160,360,5,12,34,0,13,1,4,,,,,
MIZORAM,TOTAL,2003,46,3,54,8,5,21,487,1303,3,19,60,0,88,0,3,,,,,
NAGALAND,TOTAL,2003,91,8,14,38,19,92,95,221,8,3,11,0,4,2,0,,,,,
ODISHA,TOTAL,2003,1044,188,725,477,178,875,2961,5359,1408,254,937,279,1669,188,1289,,,,,
PUNJAB,TOTAL,2003,731,89,380,464,30,108,2094,3198,0,343,3123,110,346,199,987,,,,,
RAJASTHAN,TOTAL,2003,1262,61,1050,2238,36,655,6072,16456,4052,902,7225,389,2715,33,5733,,,,,
SIKKIM,TOTAL,2003,14,3,10,0,2,3,48,65,10,7,12,0,25,0,1,,,,,
TAMIL NADU,TOTAL,2003,1591,28,557,879,95,514,4849,18213,3706,307,1904,220,2022,881,1555,,,,,
TRIPURA,TOTAL,2003,254,0,114,146,36,69,167,276,274,3,25,20,127,0,247,,,,,
UTTAR PRADESH,TOTAL,2003,5284,1525,911,2208,317,1988,4016,15751,2251,1746,2911,1322,1098,4970,2626,,,,,
UTTARAKHAND,TOTAL,2003,268,31,107,171,26,160,557,1368,392,138,379,93,136,98,317,,,,,
WEST BENGAL,TOTAL,2003,1425,484,1002,902,217,598,342,12613,2596,378,1534,329,1186,71,4948,,,,,
A & N ISLANDS,TOTAL,2003,21,1,2,2,2,7,56,60,19,3,13,0,9,2,7,,,,,
CHANDIGARH,TOTAL,2003,21,2,18,32,3,12,204,1238,46,32,209,1,11,4,93,,,,,
D & N HAVELI,TOTAL,2003,11,0,1,7,4,6,41,61,17,8,13,0,4,0,2,,,,,
DAMAN & DIU,TOTAL,2003,6,0,5,1,4,1,41,46,31,8,8,1,3,0,0,,,,,
DELHI,TOTAL,2003,485,65,490,1156,28,441,1898,15544,80,431,2079,130,489,105,1211,,,,,
LAKSHADWEEP,TOTAL,2003,0,0,2,0,0,0,6,8,4,0,0,0,1,0,1,,,,,
PUDUCHERRY,TOTAL,2003,29,0,2,18,2,11,126,567,159,12,32,1,56,27,4,,,,,
ANDHRA PRADESH,TOTAL,2004,2579,163,1016,1526,199,596,8457,23578,2540,898,7928,512,3817,2310,8388,,,,,
ARUNACHAL PRADESH,TOTAL,2004,67,1,42,65,30,45,215,388,65,26,34,0,61,0,4,,,,,
ASSAM,TOTAL,2004,1214,63,1171,1906,360,505,2544,5866,3615,586,865,74,883,11,1945,,,,,
BIHAR,TOTAL,2004,3948,280,1390,3413,1319,2986,3175,11113,9793,1701,2764,1029,704,13,2679,,,,,
CHHATTISGARH,TOTAL,2004,927,25,969,214,106,363,3720,5014,790,101,424,71,1661,131,741,,,,,
GOA,TOTAL,2004,40,5,37,13,5,18,261,503,33,49,61,2,23,15,17,,,,,
GUJARAT,TOTAL,2004,1113,27,339,1133,360,1136,5828,18551,1599,1612,1726,58,757,164,3955,,,,,
HARYANA,TOTAL,2004,733,65,386,423,52,244,2786,6558,699,534,1089,251,403,850,2026,,,,,
HIMACHAL PRADESH,TOTAL,2004,110,12,153,123,1,25,766,643,562,97,174,8,284,16,252,,,,,
JAMMU & KASHMIR,TOTAL,2004,816,29,218,735,28,129,1420,1939,1116,105,414,9,990,264,82,,,,,
JHARKHAND,TOTAL,2004,1488,115,797,468,580,780,1419,4374,2281,333,441,275,411,3,588,,,,,
KARNATAKA,TOTAL,2004,1519,57,291,592,177,1024,6093,16093,6237,423,2759,259,1435,57,1588,,,,,
KERALA,TOTAL,2004,417,473,480,232,129,639,4580,5240,6461,336,3755,31,2260,133,3222,,,,,
MADHYA PRADESH,TOTAL,2004,2379,188,2875,832,147,1526,12308,22586,2479,548,1287,751,6690,804,3436,,,,,
MAHARASHTRA,TOTAL,2004,2696,115,1388,1045,629,2229,14659,43952,5980,1528,5167,314,2831,862,5646,,,,,
MANIPUR,TOTAL,2004,159,3,31,128,2,3,66,244,115,25,142,0,30,0,2,,,,,
MEGHALAYA,TOTAL,2004,124,7,54,54,91,81,142,418,2,25,44,2,34,0,5,,,,,
MIZORAM,TOTAL,2004,35,2,20,15,10,6,250,610,2,30,20,0,66,0,0,,,,,
NAGALAND,TOTAL,2004,70,5,18,23,14,117,70,255,6,11,28,0,3,1,0,,,,,
ODISHA,TOTAL,2004,1066,25,770,526,238,952,2992,5967,1433,271,805,319,1811,170,1192,,,,,
PUNJAB,TOTAL,2004,775,148,390,463,17,86,1766,2587,16,313,2729,113,261,38,801,,,,,
RAJASTHAN,TOTAL,2004,1279,59,1038,2384,58,673,5911,18842,3101,885,8333,379,2825,41,6781,,,,,
SIKKIM,TOTAL,2004,16,3,3,5,0,5,64,73,76,4,22,0,40,0,1,,,,,
TAMIL NADU,TOTAL,2004,1479,26,618,870,72,464,4147,17530,3433,268,2121,225,1861,1081,1437,,,,,
TRIPURA,TOTAL,2004,189,0,160,99,27,46,166,260,148,17,34,20,134,0,302,,,,,
UTTAR PRADESH,TOTAL,2004,6126,1436,1397,3337,378,2606,5299,22524,3915,2377,4184,1708,1900,2682,4950,,,,,
UTTARAKHAND,TOTAL,2004,262,29,115,213,37,165,566,1597,444,157,372,82,143,110,405,,,,,
WEST BENGAL,TOTAL,2004,1425,468,1475,1200,212,535,547,14465,2691,425,1686,396,1566,64,6334,,,,,
A & N ISLANDS,TOTAL,2004,15,2,10,3,0,3,69,103,9,0,12,0,6,3,5,,,,,
CHANDIGARH,TOTAL,2004,22,10,19,54,0,6,186,1459,43,23,135,6,20,18,73,,,,,
D & N HAVELI,TOTAL,2004,11,0,7,12,3,2,20,53,17,12,22,0,5,0,3,,,,,
DAMAN & DIU,TOTAL,2004,3,0,1,2,0,1,35,27,19,4,5,0,1,0,4,,,,,
DELHI,TOTAL,2004,481,80,551,1209,30,461,1875,18994,67,445,2322,126,601,130,1254,,,,,
LAKSHADWEEP,TOTAL,2004,0,0,0,0,0,0,2,5,37,0,0,0,0,0,1,,,,,
PUDUCHERRY,TOTAL,2004,25,14,4,10,0,1,86,634,147,7,35,6,50,30,2,,,,,
ANDHRA PRADESH,TOTAL,2005,2750,111,935,1612,250,794,7954,23778,2026,948,7909,443,3595,2508,8696,,,,,
ARUNACHAL PRADESH,TOTAL,2005,81,5,35,58,23,77,263,531,23,36,28,0,67,0,9,,,,,
ASSAM,TOTAL,2005,1194,117,1238,1751,334,451,2255,6369,2760,487,873,99,899,19,2206,,,,,
BIHAR,TOTAL,2005,3471,259,1147,2693,1212,2374,3117,10812,7671,1181,1829,1014,451,13,1574,,,,,
CHHATTISGARH,TOTAL,2005,1013,41,990,246,204,401,3621,5600,893,110,431,100,1450,132,732,,,,,
GOA,TOTAL,2005,45,5,20,17,2,28,265,495,45,50,58,2,30,8,11,,,,,
GUJARAT,TOTAL,2005,1033,27,324,1164,282,966,5332,17964,1628,1370,1541,48,802,104,4090,,,,,
HARYANA,TOTAL,2005,784,57,461,492,88,390,3437,8694,899,562,1204,212,380,597,2075,,,,,
HIMACHAL PRADESH,TOTAL,2005,110,22,141,118,6,22,696,696,558,82,163,2,286,29,228,,,,,
JAMMU & KASHMIR,TOTAL,2005,647,37,201,748,13,116,1397,1901,1222,117,403,5,830,371,76,,,,,
JHARKHAND,TOTAL,2005,1523,87,753,621,592,732,1610,6195,2524,243,643,257,293,36,590,,,,,
KARNATAKA,TOTAL,2005,1609,80,343,589,208,1202,5986,17008,6151,434,2909,261,1585,71,1883,,,,,
KERALA,TOTAL,2005,388,88,478,226,110,621,4110,5454,6535,361,3261,21,2339,175,3283,,,,,
MADHYA PRADESH,TOTAL,2005,2405,134,2921,847,147,1557,11192,20685,2573,613,1292,739,6426,792,2989,,,,,
MAHARASHTRA,TOTAL,2005,2621,98,1545,1194,641,2411,15615,46851,6779,1720,6391,341,3228,919,6233,,,,,
MANIPUR,TOTAL,2005,256,4,25,106,4,8,62,243,35,52,122,0,25,0,20,,,,,
MEGHALAYA,TOTAL,2005,134,2,63,48,81,95,148,476,42,18,39,1,44,0,3,,,,,
MIZORAM,TOTAL,2005,24,5,37,13,3,6,442,777,35,11,58,4,49,4,0,,,,,
NAGALAND,TOTAL,2005,87,8,17,26,12,80,93,294,8,17,41,0,7,0,0,,,,,
ODISHA,TOTAL,2005,1079,48,799,641,184,998,3029,6743,1515,301,1040,334,2238,184,1671,,,,,
PUNJAB,TOTAL,2005,713,216,398,478,27,85,1933,2924,1,306,2934,99,308,43,729,,,,,
RAJASTHAN,TOTAL,2005,1221,59,993,1993,41,590,5227,17898,2290,613,8341,361,2503,28,5997,,,,,
SIKKIM,TOTAL,2005,8,2,18,3,2,4,85,81,19,4,44,0,38,0,4,,,,,
TAMIL NADU,TOTAL,2005,1440,28,571,1029,73,437,3738,15851,2551,239,2694,215,1764,665,1650,,,,,
TRIPURA,TOTAL,2005,121,1,162,85,22,61,170,325,148,32,59,34,161,1,439,,,,,
UTTAR PRADESH,TOTAL,2005,5711,1520,1217,2955,286,2049,4556,20695,3926,2524,4556,1564,1835,2881,4505,,,,,
UTTARAKHAND,TOTAL,2005,279,30,133,203,48,159,521,1630,433,144,396,63,100,89,272,,,,,
WEST BENGAL,TOTAL,2005,1453,408,1686,1207,211,426,739,12124,2635,528,1760,446,1572,54,6936,,,,,
A & N ISLANDS,TOTAL,2005,14,3,4,2,0,4,68,92,4,8,13,0,11,1,5,,,,,
CHANDIGARH,TOTAL,2005,18,4,33,54,0,12,223,1373,43,41,161,3,31,9,75,,,,,
D & N HAVELI,TOTAL,2005,7,0,5,13,3,2,25,74,18,12,10,0,5,0,5,,,,,
DAMAN & DIU,TOTAL,2005,5,0,2,4,4,0,37,50,19,6,3,1,1,0,3,,,,,
DELHI,TOTAL,2005,455,64,658,1590,27,510,2093,17955,61,394,2378,114,762,225,1324,,,,,
LAKSHADWEEP,TOTAL,2005,1,0,0,0,0,0,2,7,6,0,0,0,0,0,0,,,,,
PUDUCHERRY,TOTAL,2005,19,8,6,6,1,5,67,466,159,8,41,4,60,26,6,,,,,
ANDHRA PRADESH,TOTAL,2006,2766,123,1049,2030,178,679,8304,23510,2916,1007,8363,519,4534,2411,9164,,,,,
ARUNACHAL PRADESH,TOTAL,2006,60,3,37,75,28,74,257,451,6,61,38,1,63,2,14,,,,,
ASSAM,TOTAL,2006,1207,32,1244,1825,319,544,2911,7820,2684,461,905,105,1290,10,2548,,,,,
BIHAR,TOTAL,2006,3249,326,1232,2619,1001,2169,3531,11752,8259,1054,2171,1188,530,53,1689,,,,,
CHHATTISGARH,TOTAL,2006,1098,15,995,239,160,439,3507,5262,905,137,507,103,1598,143,717,,,,,
GOA,TOTAL,2006,39,1,21,16,7,17,252,494,63,35,55,0,18,7,14,,,,,
GUJARAT,TOTAL,2006,1165,24,354,1128,290,970,5530,18475,1534,1246,1529,50,736,138,4977,,,,,
HARYANA,TOTAL,2006,873,59,608,635,104,410,4001,10518,1142,750,1424,255,486,491,2254,,,,,
HIMACHAL PRADESH,TOTAL,2006,111,20,113,130,7,29,754,812,566,137,129,3,275,31,259,,,,,
JAMMU & KASHMIR,TOTAL,2006,487,40,250,789,10,112,1351,1937,1197,123,463,10,960,347,135,,,,,
JHARKHAND,TOTAL,2006,1492,97,799,635,536,779,1428,6173,2650,319,833,281,414,44,668,,,,,
KARNATAKA,TOTAL,2006,1627,68,400,563,202,1349,5967,14901,6183,471,2910,244,1683,38,2129,,,,,
KERALA,TOTAL,2006,393,87,601,294,129,691,4245,5431,6365,299,3316,25,2543,222,3708,,,,,
MADHYA PRADESH,TOTAL,2006,2309,138,2900,808,151,1770,10960,21733,2308,519,1522,764,6243,762,2989,,,,,
MAHARASHTRA,TOTAL,2006,2656,100,1500,1261,663,2574,15877,46473,7453,1726,6234,387,3479,984,6738,,,,,
MANIPUR,TOTAL,2006,205,4,40,130,2,8,55,290,60,40,82,0,42,0,10,,,,,
MEGHALAYA,TOTAL,2006,157,8,74,57,57,65,140,470,7,16,83,6,57,0,13,,,,,
MIZORAM,TOTAL,2006,25,7,72,6,7,10,422,758,0,30,78,0,51,0,1,,,,,
NAGALAND,TOTAL,2006,123,8,23,31,16,84,70,327,7,18,37,0,3,2,3,,,,,
ODISHA,TOTAL,2006,1159,36,985,704,239,1184,3120,6567,1535,313,1364,457,2415,247,694,,,,,
PUNJAB,TOTAL,2006,817,165,442,591,35,142,2277,3946,3,281,3393,130,314,60,801,,,,,
RAJASTHAN,TOTAL,2006,1209,79,1085,1970,37,631,5085,17889,1767,694,10191,394,2582,31,7038,,,,,
SIKKIM,TOTAL,2006,21,2,20,8,0,9,84,113,12,10,37,0,14,0,6,,,,,
TAMIL NADU,TOTAL,2006,1363,20,457,906,95,450,3300,13651,1838,194,2116,187,1179,852,1248,,,,,
TRIPURA,TOTAL,2006,154,1,189,105,18,71,182,392,154,23,84,35,207,0,471,,,,,
UTTAR PRADESH,TOTAL,2006,5480,1543,1314,3318,218,2024,4577,20447,3774,2509,5142,1798,2096,2714,5204,,,,,
UTTARAKHAND,TOTAL,2006,274,40,147,212,31,157,470,1696,489,95,514,80,153,113,358,,,,,
WEST BENGAL,TOTAL,2006,1425,401,1731,1355,177,426,601,12532,2385,519,1947,445,1837,63,7414,,,,,
A & N ISLANDS,TOTAL,2006,4,1,6,5,0,5,82,101,10,3,15,0,14,4,7,,,,,
CHANDIGARH,TOTAL,2006,12,8,19,65,1,34,189,1234,44,59,232,10,20,13,102,,,,,
D & N HAVELI,TOTAL,2006,9,1,6,18,5,5,41,61,8,30,10,1,5,1,5,,,,,
DAMAN & DIU,TOTAL,2006,6,0,3,3,8,1,60,63,24,9,3,0,2,0,2,,,,,
DELHI,TOTAL,2006,476,75,623,1442,14,541,1950,17498,87,442,2313,137,718,144,1728,,,,,
LAKSHADWEEP,TOTAL,2006,0,0,0,0,0,0,2,17,12,0,0,0,0,0,1,,,,,
PUDUCHERRY,TOTAL,2006,30,3,9,18,2,3,84,560,194,6,36,3,56,39,19,,,,,
ANDHRA PRADESH,TOTAL,2007,2665,135,1070,2097,170,614,7677,24391,1998,869,8103,613,4406,3316,11335,,,,,
ARUNACHAL PRADESH,TOTAL,2007,68,2,48,68,16,75,240,513,16,41,33,0,72,1,20,,,,,
ASSAM,TOTAL,2007,1374,109,1437,1971,299,496,2603,7754,2601,653,895,100,789,10,3000,,,,,
BIHAR,TOTAL,2007,3034,257,1555,2530,686,1787,3259,11795,7962,1326,2358,1172,853,12,1635,,,,,
CHHATTISGARH,TOTAL,2007,1097,26,982,244,115,427,3632,5381,881,150,467,100,1549,111,824,,,,,
GOA,TOTAL,2007,33,7,20,12,7,22,292,494,70,36,55,2,20,7,14,,,,,
GUJARAT,TOTAL,2007,1166,21,316,1312,245,1095,4870,18164,1668,1139,1116,42,822,120,5827,,,,,
HARYANA,TOTAL,2007,911,72,488,801,139,502,4231,11047,1173,726,1232,269,417,409,2412,,,,,
HIMACHAL PRADESH,TOTAL,2007,127,9,159,171,5,23,877,1092,649,132,212,8,322,33,342,,,,,
JAMMU & KASHMIR,TOTAL,2007,318,23,288,758,18,111,1460,2086,1209,121,489,9,986,353,176,,,,,
JHARKHAND,TOTAL,2007,1617,92,855,762,524,771,1495,7091,2565,448,814,303,342,15,801,,,,,
KARNATAKA,TOTAL,2007,1538,55,436,680,178,1313,5449,14351,5783,400,3600,251,1828,28,2507,,,,,
KERALA,TOTAL,2007,367,92,512,255,121,869,4100,5609,7358,394,4215,27,2624,262,3999,,,,,
MADHYA PRADESH,TOTAL,2007,2244,155,3010,922,143,1975,11230,22396,2648,531,1661,742,6772,780,3294,,,,,
MAHARASHTRA,TOTAL,2007,2693,113,1451,1312,716,2770,15607,47681,7993,1715,6235,436,3306,1039,7356,,,,,
MANIPUR,TOTAL,2007,240,2,20,150,3,11,70,454,70,19,93,0,70,0,15,,,,,
MEGHALAYA,TOTAL,2007,114,8,82,52,55,56,203,500,33,17,164,2,45,1,19,,,,,
MIZORAM,TOTAL,2007,43,4,83,4,0,5,457,808,1,20,66,0,66,0,2,,,,,
NAGALAND,TOTAL,2007,111,8,13,17,7,75,118,360,15,13,34,0,8,1,0,,,,,
ODISHA,TOTAL,2007,1210,22,939,801,247,1273,3073,6830,1983,319,1263,461,2775,241,728,,,,,
PUNJAB,TOTAL,2007,760,170,519,760,37,138,2616,5173,1,329,3581,133,427,48,971,,,,,
RAJASTHAN,TOTAL,2007,1303,64,1238,2177,71,778,5164,19345,1626,825,11919,439,2477,28,8170,,,,,
SIKKIM,TOTAL,2007,9,3,24,9,0,6,83,118,15,7,34,0,13,0,7,,,,,
TAMIL NADU,TOTAL,2007,1633,28,523,1270,88,495,3717,13217,2375,261,2510,208,1540,875,1976,,,,,
TRIPURA,TOTAL,2007,138,2,157,113,14,64,193,411,142,42,85,36,244,4,545,,,,,
UTTAR PRADESH,TOTAL,2007,5000,1616,1648,4478,437,2169,5057,22816,4495,3639,8399,2076,2522,2882,7650,,,,,
UTTARAKHAND,TOTAL,2007,268,50,117,253,46,173,548,1593,459,163,697,70,146,63,463,,,,,
WEST BENGAL,TOTAL,2007,1652,394,2106,1800,146,427,399,13747,3727,672,2406,451,2281,99,9900,,,,,
A & N ISLANDS,TOTAL,2007,15,1,3,12,5,9,90,112,17,7,23,1,21,2,18,,,,,
CHANDIGARH,TOTAL,2007,19,8,22,52,2,37,191,1740,79,38,170,1,32,11,112,,,,,
D & N HAVELI,TOTAL,2007,10,0,7,9,1,3,28,87,39,17,10,0,0,0,3,,,,,
DAMAN & DIU,TOTAL,2007,12,0,1,1,3,2,46,43,31,5,6,1,0,0,3,,,,,
DELHI,TOTAL,2007,495,94,598,1688,34,557,2055,17037,87,451,2336,138,868,167,1787,,,,,
LAKSHADWEEP,TOTAL,2007,0,0,1,0,0,0,2,20,1,0,0,0,2,0,2,,,,,
PUDUCHERRY,TOTAL,2007,34,2,9,20,1,8,86,787,145,6,45,2,89,32,17,,,,,
ANDHRA PRADESH,TOTAL,2008,2690,165,1257,1970,110,623,8332,25362,1930,990,8393,556,4730,3551,10306,,,,,
ARUNACHAL PRADESH,TOTAL,2008,72,2,42,79,14,79,245,445,18,43,28,0,72,1,13,,,,,
ASSAM,TOTAL,2008,1426,71,1438,2239,312,568,3147,8012,2600,680,996,103,1272,2,3478,,,,,
BIHAR,TOTAL,2008,3139,386,1302,3047,686,1592,3414,13206,8099,1352,2741,1210,999,21,1992,,,,,
CHHATTISGARH,TOTAL,2008,1169,18,978,273,124,500,4112,6079,1144,169,562,106,1621,125,897,,,,,
GOA,TOTAL,2008,49,11,30,36,3,23,302,601,102,47,105,2,32,12,12,,,,,
GUJARAT,TOTAL,2008,1106,35,374,1323,256,1322,5053,20715,1809,1167,1167,27,828,122,6094,,,,,
HARYANA,TOTAL,2008,921,92,631,854,120,555,4249,12709,1184,763,1150,302,435,605,2435,,,,,
HIMACHAL PRADESH,TOTAL,2008,129,5,157,151,6,20,885,1152,627,137,248,3,295,41,343,,,,,
JAMMU & KASHMIR,TOTAL,2008,237,31,219,704,3,67,1347,2198,1782,87,392,21,935,296,162,,,,,
JHARKHAND,TOTAL,2008,1697,112,791,792,416,761,1375,7269,2576,269,900,266,271,23,851,,,,,
KARNATAKA,TOTAL,2008,1698,81,446,758,270,1615,6258,17820,6013,424,3669,259,1954,44,2638,,,,,
KERALA,TOTAL,2008,362,95,568,253,91,816,3882,5818,8057,435,3659,31,2745,258,4138,,,,,
MADHYA PRADESH,TOTAL,2008,2322,204,2937,929,160,2234,11072,24583,2768,570,1368,805,6445,758,3185,,,,,
MAHARASHTRA,TOTAL,2008,2795,111,1558,1379,811,3031,16004,52860,9388,1880,7296,390,3619,1091,7829,,,,,
MANIPUR,TOTAL,2008,187,4,38,176,1,7,76,446,48,24,161,1,57,0,28,,,,,
MEGHALAYA,TOTAL,2008,126,6,88,56,63,65,168,669,8,32,104,2,54,4,32,,,,,
MIZORAM,TOTAL,2008,35,6,77,9,4,6,338,747,1,34,57,0,78,0,5,,,,,
NAGALAND,TOTAL,2008,143,13,19,44,6,87,127,345,4,16,31,0,15,1,4,,,,,
ODISHA,TOTAL,2008,1250,84,1113,908,305,1345,3100,7419,2721,342,1244,401,2782,282,1618,,,,,
PUNJAB,TOTAL,2008,769,146,517,718,40,167,2621,5563,1,236,3192,128,388,49,984,,,,,
RAJASTHAN,TOTAL,2008,1297,54,1355,2358,64,829,4736,20411,1390,737,12097,439,2520,19,8113,,,,,
SIKKIM,TOTAL,2008,9,3,20,4,1,7,81,127,17,6,46,0,19,0,5,,,,,
TAMIL NADU,TOTAL,2008,1759,28,573,1375,100,662,3849,15019,2811,231,2349,207,1705,974,1648,,,,,
TRIPURA,TOTAL,2008,155,2,204,146,13,95,218,499,197,42,92,16,346,4,735,,,,,
UTTAR PRADESH,TOTAL,2008,4564,1493,1871,5428,313,2097,5418,25946,4381,4296,9327,2237,2955,3374,8312,,,,,
UTTARAKHAND,TOTAL,2008,223,40,87,247,16,144,423,1622,509,171,463,73,120,306,340,,,,,
WEST BENGAL,TOTAL,2008,1811,488,2263,2332,184,613,462,17334,5425,876,2938,451,2396,94,13663,,,,,
A & N ISLANDS,TOTAL,2008,8,2,12,17,0,14,78,128,16,12,19,2,24,3,26,,,,,
CHANDIGARH,TOTAL,2008,17,6,20,50,1,23,257,1991,85,37,213,3,19,2,49,,,,,
D & N HAVELI,TOTAL,2008,9,0,6,17,1,0,49,54,24,10,24,0,4,0,4,,,,,
DAMAN & DIU,TOTAL,2008,2,0,0,4,2,4,45,49,35,4,2,0,2,1,5,,,,,
DELHI,TOTAL,2008,554,66,466,1567,24,541,1926,18867,71,355,1493,129,611,130,1387,,,,,
LAKSHADWEEP,TOTAL,2008,1,0,2,1,0,0,3,8,12,0,0,0,0,0,1,,,,,
PUDUCHERRY,TOTAL,2008,35,3,8,17,10,10,90,688,165,13,53,2,65,21,12,,,,,
ANDHRA PRADESH,TOTAL,2009,2449,134,1188,1958,102,544,7772,24692,2261,904,8528,546,5147,3520,11297,,,,,
ARUNACHAL PRADESH,TOTAL,2009,59,5,59,62,20,55,201,381,52,38,29,0,58,6,13,,,,,
ASSAM,TOTAL,2009,1323,35,1631,2718,251,680,3149,7644,1808,802,1098,170,1342,10,4398,,,,,
BIHAR,TOTAL,2009,3152,243,929,3222,654,1619,3566,15221,8554,1186,2676,1295,726,12,2532,,,,,
CHHATTISGARH,TOTAL,2009,1083,19,976,286,134,554,3975,5792,957,166,682,128,1598,152,893,,,,,
GOA,TOTAL,2009,53,11,47,33,4,30,294,858,50,52,132,3,37,10,21,,,,,
GUJARAT,TOTAL,2009,1020,30,433,1348,246,1420,4488,19669,1539,1256,1014,24,727,114,5506,,,,,
HARYANA,TOTAL,2009,948,78,603,916,153,679,4077,12917,1166,827,1406,281,451,605,2617,,,,,
HIMACHAL PRADESH,TOTAL,2009,125,13,183,150,4,21,784,823,591,117,264,1,318,37,284,,,,,
JAMMU & KASHMIR,TOTAL,2009,237,23,237,873,1,69,1566,2631,1472,132,475,12,972,371,196,,,,,
JHARKHAND,TOTAL,2009,1636,104,719,827,412,780,1392,7716,2312,473,910,295,276,83,710,,,,,
KARNATAKA,TOTAL,2009,1702,79,509,892,273,1825,6629,20576,6269,461,5079,264,2186,64,3185,,,,,
KERALA,TOTAL,2009,343,100,568,256,112,830,3554,5564,8086,354,3394,20,2540,395,4007,,,,,
MADHYA PRADESH,TOTAL,2009,2386,117,2998,1036,117,2270,10661,23260,2409,575,1830,858,6307,728,3983,,,,,
MAHARASHTRA,TOTAL,2009,2653,98,1483,1286,780,3314,15841,50930,8030,1895,7976,341,3196,1099,7681,,,,,
MANIPUR,TOTAL,2009,131,2,31,159,1,3,68,394,48,20,96,0,39,2,25,,,,,
MEGHALAYA,TOTAL,2009,128,12,112,56,64,67,147,545,18,26,113,0,72,1,24,,,,,
MIZORAM,TOTAL,2009,31,8,83,9,2,4,381,761,1,30,61,0,61,1,4,,,,,
NAGALAND,TOTAL,2009,46,7,22,52,8,92,82,347,4,6,33,0,11,0,0,,,,,
ODISHA,TOTAL,2009,1250,48,1023,930,380,1488,2937,7136,1718,258,1137,384,2697,210,2047,,,,,
PUNJAB,TOTAL,2009,853,129,511,692,38,171,2507,5624,8,234,3098,126,319,33,1061,,,,,
RAJASTHAN,TOTAL,2009,1395,80,1519,2870,53,886,5294,22144,1145,842,15037,436,2485,24,10371,,,,,
SIKKIM,TOTAL,2009,19,3,18,6,0,4,93,62,39,4,12,0,10,0,6,,,,,
TAMIL NADU,TOTAL,2009,1776,26,596,1372,97,1144,4221,15712,2397,215,2557,194,1242,501,1460,,,,,
TRIPURA,TOTAL,2009,133,2,190,121,7,77,231,415,178,52,110,29,384,5,815,,,,,
UTTAR PRADESH,TOTAL,2009,4534,1439,1759,6083,365,2285,5260,29226,4263,3917,8845,2232,2782,2524,8566,,,,,
UTTARAKHAND,TOTAL,2009,195,51,111,275,35,179,363,1601,466,156,544,94,119,249,361,,,,,
WEST BENGAL,TOTAL,2009,2068,931,2336,2750,214,751,329,17133,6700,918,3298,506,1942,108,16112,,,,,
A & N ISLANDS,TOTAL,2009,15,4,18,16,0,11,86,134,11,7,20,1,30,7,21,,,,,
CHANDIGARH,TOTAL,2009,22,8,29,40,4,27,241,1731,66,38,193,2,26,2,51,,,,,
D & N HAVELI,TOTAL,2009,10,1,4,12,9,2,43,63,53,17,20,0,2,1,3,,,,,
DAMAN & DIU,TOTAL,2009,5,1,1,0,0,4,33,41,29,8,4,0,4,1,3,,,,,
DELHI,TOTAL,2009,552,84,469,2536,36,515,1733,21731,57,333,2000,141,552,118,1283,,,,,
LAKSHADWEEP,TOTAL,2009,0,0,1,0,3,0,1,10,44,0,0,0,0,0,0,,,,,
PUDUCHERRY,TOTAL,2009,37,5,1,18,7,9,71,711,141,7,47,0,53,16,10,,,,,
ANDHRA PRADESH,TOTAL,2010,2538,155,1362,2053,134,550,8200,26756,2231,1130,9164,588,4634,4562,12080,,,,,
ARUNACHAL PRADESH,TOTAL,2010,75,3,47,67,15,69,211,445,31,59,91,0,84,1,12,,,,,
ASSAM,TOTAL,2010,1223,46,1721,3250,248,662,3458,7860,2183,992,1371,175,1400,20,5410,,,,,
BIHAR,TOTAL,2010,3362,344,795,3674,644,1538,3437,15544,8809,1071,3025,1257,534,16,2271,,,,,
CHHATTISGARH,TOTAL,2010,1065,30,1012,359,122,552,3711,5805,1092,196,813,115,1706,182,861,,,,,
GOA,TOTAL,2010,35,3,36,25,2,39,368,1034,64,57,117,1,36,16,17,,,,,
GUJARAT,TOTAL,2010,1048,44,408,1447,186,1384,4071,16794,1623,1214,1002,19,668,110,5600,,,,,
HARYANA,TOTAL,2010,1005,63,720,963,147,734,4445,16266,1414,919,1662,284,476,580,2720,,,,,
HIMACHAL PRADESH,TOTAL,2010,132,12,160,194,2,11,743,838,615,110,318,2,350,78,275,,,,,
JAMMU & KASHMIR,TOTAL,2010,217,26,245,896,6,61,1406,2510,2169,150,422,9,1038,262,211,,,,,
JHARKHAND,TOTAL,2010,1689,82,773,978,335,709,1357,7090,2447,505,988,276,245,16,650,,,,,
KARNATAKA,TOTAL,2010,1805,94,586,1374,272,1949,6059,20093,7710,464,5543,248,2544,83,3441,,,,,
KERALA,TOTAL,2010,363,86,634,261,74,636,2682,4380,8724,343,3581,22,2936,537,4797,,,,,
MADHYA PRADESH,TOTAL,2010,2423,123,3135,1187,110,1919,9897,21577,2606,507,1779,892,6646,918,3756,,,,,
MAHARASHTRA,TOTAL,2010,2744,152,1599,1508,778,3721,16617,52565,8412,1948,8684,393,3661,1180,7434,,,,,
MANIPUR,TOTAL,2010,92,1,34,199,0,2,66,417,65,24,59,0,31,0,18,,,,,
MEGHALAYA,TOTAL,2010,134,8,149,71,42,67,166,664,7,37,98,0,48,0,24,,,,,
MIZORAM,TOTAL,2010,48,7,92,9,3,16,425,823,0,25,79,0,75,0,3,,,,,
NAGALAND,TOTAL,2010,45,13,16,50,3,63,62,397,2,13,39,0,13,3,1,,,,,
ODISHA,TOTAL,2010,1308,31,1025,1016,346,1491,2855,7572,1779,322,1108,388,2905,232,2067,,,,,
PUNJAB,TOTAL,2010,907,120,546,789,65,241,2661,5446,0,243,3527,121,349,38,1163,,,,,
RAJASTHAN,TOTAL,2010,1421,104,1571,2985,37,872,4714,22324,986,789,16584,462,2339,23,11145,,,,,
SIKKIM,TOTAL,2010,17,2,18,6,1,7,72,53,4,1,20,1,11,0,3,,,,,
TAMIL NADU,TOTAL,2010,1875,32,686,1720,85,1817,4715,14583,2664,177,3259,165,1405,638,1570,,,,,
TRIPURA,TOTAL,2010,150,8,238,114,16,65,221,457,163,53,122,25,376,9,937,,,,,
UTTAR PRADESH,TOTAL,2010,4401,1401,1563,6321,337,2577,4915,31153,4186,3817,9553,2217,2793,11,7978,,,,,
UTTARAKHAND,TOTAL,2010,176,60,121,286,12,162,310,2138,458,167,567,75,125,165,334,,,,,
WEST BENGAL,TOTAL,2010,2398,630,2311,3345,288,798,388,19389,6809,1011,3260,507,2465,163,17796,,,,,
A & N ISLANDS,TOTAL,2010,9,4,24,10,1,7,80,121,11,10,56,0,31,10,9,,,,,
CHANDIGARH,TOTAL,2010,21,9,31,38,5,67,236,1481,65,23,163,5,29,4,41,,,,,
D & N HAVELI,TOTAL,2010,6,1,3,18,2,3,25,63,44,12,18,0,11,2,3,,,,,
DAMAN & DIU,TOTAL,2010,5,1,1,2,6,0,27,47,11,4,5,0,2,0,3,,,,,
DELHI,TOTAL,2010,565,71,507,3208,32,599,1502,23088,53,273,1845,143,601,80,1404,,,,,
LAKSHADWEEP,TOTAL,2010,0,0,0,0,0,0,5,5,3,0,0,0,0,0,0,,,,,
PUDUCHERRY,TOTAL,2010,33,16,3,17,2,5,72,534,131,12,77,1,46,22,7,,,,,
ANDHRA PRADESH,TOTAL,2011,2808,171,1442,2154,126,600,8300,28267,2210,1174,9748,599,4849,3658,13376,,,,,
ARUNACHAL PRADESH,TOTAL,2011,65,2,42,93,13,64,183,414,49,54,74,0,51,0,18,,,,,
ASSAM,TOTAL,2011,1303,48,1700,3764,305,837,3327,8309,2328,920,1495,121,1193,8,5246,,,,,
BIHAR,TOTAL,2011,3198,348,934,4268,556,1381,3629,16292,9768,1741,3776,1413,790,11,2607,,,,,
CHHATTISGARH,TOTAL,2011,1110,28,1053,472,68,470,3548,5315,934,180,980,104,1654,174,834,,,,,
GOA,TOTAL,2011,48,6,29,28,2,26,318,1115,74,45,142,1,29,12,18,,,,,
GUJARAT,TOTAL,2011,1126,43,439,1614,221,1368,4509,16043,1615,1339,1399,30,685,93,6052,,,,,
HARYANA,TOTAL,2011,1062,60,733,959,167,638,5011,17425,1466,812,1761,255,474,490,2740,,,,,
HIMACHAL PRADESH,TOTAL,2011,130,6,168,212,1,10,995,1042,530,143,359,4,331,62,239,,,,,
JAMMU & KASHMIR,TOTAL,2011,169,29,277,1077,14,88,1516,2655,1405,195,612,11,1194,350,286,,,,,
JHARKHAND,TOTAL,2011,1747,83,784,941,309,614,1235,6378,2133,447,907,282,317,7,659,,,,,
KARNATAKA,TOTAL,2011,1820,85,636,1395,214,2123,6136,19834,7265,440,5850,267,2608,81,3712,,,,,
KERALA,TOTAL,2011,365,105,1132,299,71,741,3001,4704,10754,340,5155,15,3756,573,5377,,,,,
MADHYA PRADESH,TOTAL,2011,2511,139,3406,1288,118,1952,10230,22414,2080,557,1860,811,6665,762,3732,,,,,
MAHARASHTRA,TOTAL,2011,2818,144,1701,1669,773,4249,16313,53449,8556,1883,9098,339,3794,1071,7136,,,,,
MANIPUR,TOTAL,2011,78,4,53,169,1,7,52,719,70,42,126,1,38,0,39,,,,,
MEGHALAYA,TOTAL,2011,170,3,130,87,49,63,145,696,8,52,166,1,74,1,21,,,,,
MIZORAM,TOTAL,2011,26,8,77,6,1,6,336,734,0,21,66,0,72,1,9,,,,,
NAGALAND,TOTAL,2011,46,11,23,34,7,59,73,360,1,16,31,0,9,0,1,,,,,
ODISHA,TOTAL,2011,1477,51,1112,1139,417,1583,3031,8724,1556,250,1391,465,3207,235,2320,,,,,
PUNJAB,TOTAL,2011,842,112,479,681,28,236,2488,4784,0,281,3571,143,282,31,1136,,,,,
RAJASTHAN,TOTAL,2011,1461,100,1800,3204,28,727,4510,21099,751,741,17497,514,2447,9,12218,,,,,
SIKKIM,TOTAL,2011,14,8,16,10,0,5,60,72,25,4,31,0,24,0,4,,,,,
TAMIL NADU,TOTAL,2011,1877,28,677,1984,101,2066,4848,13924,3009,238,3872,152,1467,464,1812,,,,,
TRIPURA,TOTAL,2011,163,0,205,154,11,50,227,494,175,54,99,30,294,9,702,,,,,
UTTAR PRADESH,TOTAL,2011,4951,1454,2042,8500,379,3148,5765,36683,5022,3721,9941,2322,3455,3,7121,,,,,
UTTARAKHAND,TOTAL,2011,178,54,129,314,13,179,342,2093,401,115,519,83,116,72,307,,,,,
WEST BENGAL,TOTAL,2011,2109,486,2363,4285,236,760,455,21446,6019,1264,4171,510,2363,200,19772,,,,,
A & N ISLANDS,TOTAL,2011,14,2,13,15,1,1,99,88,11,3,32,0,15,3,5,,,,,
CHANDIGARH,TOTAL,2011,24,6,27,58,6,68,285,1502,66,25,255,2,21,12,46,,,,,
D & N HAVELI,TOTAL,2011,14,0,4,9,7,2,22,69,20,10,18,0,2,0,3,,,,,
DAMAN & DIU,TOTAL,2011,6,0,1,3,4,6,31,47,19,3,10,0,0,0,2,,,,,
DELHI,TOTAL,2011,543,71,572,3767,33,562,1419,22899,50,337,2590,142,657,162,1575,,,,,
LAKSHADWEEP,TOTAL,2011,0,0,0,0,0,0,0,4,5,1,0,0,0,0,0,,,,,
PUDUCHERRY,TOTAL,2011,32,12,7,12,5,11,65,707,125,9,54,1,35,16,10,,,,,
ANDHRA PRADESH,TOTAL,2012,2717,158,1341,1870,131,668,8442,27475,1878,1271,11002,504,4816,3714,13389,,,,,
ARUNACHAL PRADESH,TOTAL,2012,73,1,46,82,20,65,215,402,28,55,85,1,67,2,26,,,,,
ASSAM,TOTAL,2012,1368,54,1716,3812,266,907,3825,9394,5077,1278,1705,140,1840,5,6407,,,,,
BIHAR,TOTAL,2012,3566,285,927,4807,540,1266,3758,17667,10871,1650,3933,1275,118,37,3686,,,,,
CHHATTISGARH,TOTAL,2012,998,26,1034,450,64,412,3334,5341,910,170,925,81,1601,162,980,,,,,
GOA,TOTAL,2012,45,3,55,24,6,25,356,915,122,64,205,0,49,16,24,,,,,
GUJARAT,TOTAL,2012,1126,43,473,1720,287,1366,4695,15952,1758,1240,1361,21,745,93,6658,,,,,
HARYANA,TOTAL,2012,991,68,668,1349,204,711,5129,17590,1424,740,1798,258,525,434,3137,,,,,
HIMACHAL PRADESH,TOTAL,2012,113,9,183,172,1,10,928,769,494,137,373,2,250,68,251,,,,,
JAMMU & KASHMIR,TOTAL,2012,124,16,303,1093,6,81,1395,2022,1400,163,612,8,1322,347,301,,,,,
JHARKHAND,TOTAL,2012,1694,92,812,1056,284,494,1216,6680,2331,639,1566,302,284,10,1261,,,,,
KARNATAKA,TOTAL,2012,1860,71,621,1451,211,2207,5792,18418,7502,401,5822,218,2978,100,3684,,,,,
KERALA,TOTAL,2012,374,107,1019,281,72,725,2710,4078,10938,301,4681,32,3735,498,5216,,,,,
MADHYA PRADESH,TOTAL,2012,2373,114,3425,1302,107,1940,10019,23182,1951,576,2021,743,6655,774,3988,,,,,
MAHARASHTRA,TOTAL,2012,2712,171,1839,1583,793,6949,15648,47476,8860,1900,9398,329,3935,1294,7415,,,,,
MANIPUR,TOTAL,2012,83,4,63,223,8,3,53,903,72,67,136,0,49,1,43,,,,,
MEGHALAYA,TOTAL,2012,137,8,164,92,52,46,145,543,0,44,108,1,43,0,16,,,,,
MIZORAM,TOTAL,2012,30,7,103,8,2,4,347,605,1,12,42,0,85,0,8,,,,,
NAGALAND,TOTAL,2012,75,6,21,27,1,54,65,381,3,22,39,0,16,0,0,,,,,
ODISHA,TOTAL,2012,1548,54,1458,1542,402,1613,3430,9630,2205,317,1607,525,4187,304,2638,,,,,
PUNJAB,TOTAL,2012,855,104,680,919,48,213,2828,5272,1,289,3451,118,340,31,1293,,,,,
RAJASTHAN,TOTAL,2012,1461,98,2049,3243,31,807,4610,23314,573,682,19646,478,2352,18,13312,,,,,
SIKKIM,TOTAL,2012,7,0,34,10,0,6,65,117,22,3,31,1,19,0,4,,,,,
TAMIL NADU,TOTAL,2012,1949,44,737,1945,97,1898,4457,11996,3136,262,4151,110,1494,382,1965,,,,,
TRIPURA,TOTAL,2012,124,2,229,139,7,60,239,565,128,47,105,37,314,7,858,,,,,
UTTAR PRADESH,TOTAL,2012,4966,1410,1963,8878,322,3159,6187,37376,5676,3638,10713,2244,3247,8,7661,,,,,
UTTARAKHAND,TOTAL,2012,217,44,148,297,29,144,391,1913,369,137,529,71,139,73,368,,,,,
WEST BENGAL,TOTAL,2012,2252,522,2046,5117,279,816,464,22991,6611,1391,5300,593,3345,556,19865,,,,,
A & N ISLANDS,TOTAL,2012,15,0,12,8,5,2,71,71,8,5,31,2,17,4,5,,,,,
CHANDIGARH,TOTAL,2012,21,5,27,87,3,63,235,1549,49,34,234,5,45,25,73,,,,,
D & N HAVELI,TOTAL,2012,7,0,3,13,2,2,22,68,11,10,4,0,2,0,0,,,,,
DAMAN & DIU,TOTAL,2012,3,0,5,3,1,3,26,55,9,6,8,0,0,0,3,,,,,
DELHI,TOTAL,2012,521,82,706,3970,28,608,1715,22032,79,341,2491,134,727,208,1985,,,,,
LAKSHADWEEP,TOTAL,2012,0,0,0,0,0,0,3,7,10,0,0,0,1,0,1,,,,,
PUDUCHERRY,TOTAL,2012,29,12,13,19,5,16,77,658,126,9,90,0,9,2,6,,,,,
ANDHRA PRADESH,TOTAL,2013,2484,170,1635,2119,125,709,9820,31032,1944,1555,13015,492,6930,4702,15084,,,,,
ARUNACHAL PRADESH,TOTAL,2013,69,3,75,142,24,75,196,514,36,25,72,0,93,3,29,,,,,
ASSAM,TOTAL,2013,1354,54,1937,4801,246,923,4291,10515,2429,1472,2558,170,2409,14,8636,,,,,
BIHAR,TOTAL,2013,3441,259,1128,5570,579,1521,4185,21423,11931,1684,4482,1182,331,52,4533,,,,,
CHHATTISGARH,TOTAL,2013,945,24,1380,2235,47,351,3527,5189,786,137,975,109,2261,180,1181,,,,,
GOA,TOTAL,2013,36,2,86,108,11,37,385,1138,127,92,199,0,162,54,40,,,,,
GUJARAT,TOTAL,2013,1118,49,732,2666,288,1429,4980,15313,1715,1172,1324,29,1243,77,7812,,,,,
HARYANA,TOTAL,2013,982,55,971,2772,154,763,6121,18620,1560,710,2030,263,1560,643,3617,,,,,
HIMACHAL PRADESH,TOTAL,2013,104,6,250,352,14,14,932,818,487,135,472,0,493,111,328,,,,,
JAMMU & KASHMIR,TOTAL,2013,150,28,378,983,6,87,1387,1862,1714,155,590,7,1389,354,428,,,,,
JHARKHAND,TOTAL,2013,1630,107,1204,1271,232,568,1339,6839,2465,884,2577,307,524,18,2084,,,,,
KARNATAKA,TOTAL,2013,1601,92,1030,1836,280,2150,6003,19756,7237,477,6598,277,3913,137,3276,,,,,
KERALA,TOTAL,2013,372,104,1221,252,67,784,2929,4079,10042,339,4841,21,4362,404,4820,,,,,
MADHYA PRADESH,TOTAL,2013,2112,117,4335,3354,98,1832,11007,25045,1779,473,1652,776,8252,736,4988,,,,,
MAHARASHTRA,TOTAL,2013,2512,203,3063,2640,833,9746,18328,52670,9610,2206,10215,320,8132,2632,8542,,,,,
MANIPUR,TOTAL,2013,93,4,72,181,0,3,85,854,67,70,127,0,59,0,29,,,,,
MEGHALAYA,TOTAL,2013,166,19,183,139,51,68,187,617,13,98,122,2,98,0,23,,,,,
MIZORAM,TOTAL,2013,27,2,89,7,4,3,374,643,1,17,55,0,81,0,5,,,,,
NAGALAND,TOTAL,2013,78,18,31,40,3,49,36,406,11,11,61,1,18,1,4,,,,,
ODISHA,TOTAL,2013,1454,39,1832,2370,436,1678,3747,10044,1937,417,2169,395,4618,426,2792,,,,,
PUNJAB,TOTAL,2013,711,104,888,1274,18,141,2707,4885,0,290,3805,126,1045,67,1741,,,,,
RAJASTHAN,TOTAL,2013,1573,86,3285,4986,59,1065,5783,28928,542,650,22796,453,4829,25,15094,,,,,
SIKKIM,TOTAL,2013,15,0,43,16,0,6,85,122,32,6,25,0,29,0,5,,,,,
TAMIL NADU,TOTAL,2013,1936,33,923,1779,83,2186,5125,11950,2701,238,4647,118,1271,313,2471,,,,,
TRIPURA,TOTAL,2013,142,1,233,144,9,44,223,533,123,51,202,29,407,7,827,,,,,
UTTAR PRADESH,TOTAL,2013,5047,1268,3050,11183,596,3591,6683,41949,6089,4114,11665,2335,7303,25,8781,,,,,
UTTARAKHAND,TOTAL,2013,197,42,228,1032,17,138,248,1596,334,150,548,43,295,72,435,,,,,
WEST BENGAL,TOTAL,2013,2264,415,1685,4573,206,647,440,22904,6142,1564,6195,481,4913,577,18116,,,,,
A & N ISLANDS,TOTAL,2013,6,1,27,14,1,1,42,37,0,5,25,1,45,8,9,,,,,
CHANDIGARH,TOTAL,2013,22,3,45,261,11,62,258,1519,54,25,284,1,143,26,92,,,,,
D & N HAVELI,TOTAL,2013,3,1,5,13,1,0,21,58,7,1,10,0,1,1,1,,,,,
DAMAN & DIU,TOTAL,2013,9,4,8,13,6,1,19,38,11,3,19,0,2,0,2,,,,,
DELHI ,TOTAL,2013,517,65,1636,6294,33,1245,2835,30124,113,387,2899,144,3515,916,3033,,,,,
LAKSHADWEEP,TOTAL,2013,0,0,2,0,0,0,2,8,2,0,1,0,1,0,0,,,,,
PUDUCHERRY,TOTAL,2013,31,2,17,41,1,10,71,594,85,14,75,1,12,8,8,,,,,
ANDHRA PRADESH,TOTAL,2014,1175,52,961,1066,75,433,4719,15617,1032,935,5091,215,4547,2649,6362,,,,,
ARUNACHAL PRADESH,TOTAL,2014,86,4,83,146,12,61,224,498,33,33,103,1,121,3,42,,,,,
ASSAM,TOTAL,2014,1451,57,1980,4823,267,1038,4954,12737,2640,1952,2956,188,3099,1,9626,,,,,
BIHAR,TOTAL,2014,3403,201,1127,6570,538,1600,4674,22888,13572,1219,5187,1373,572,69,4672,,,,,
CHHATTISGARH,TOTAL,2014,998,29,1436,2014,58,405,3247,6098,963,170,930,128,2122,79,964,,,,,
GOA,TOTAL,2014,34,6,95,152,13,32,372,1154,133,82,260,0,202,57,35,,,,,
GUJARAT,TOTAL,2014,1124,57,841,2722,296,1209,4477,14337,1455,1070,1574,23,1352,173,5991,,,,,
HARYANA,TOTAL,2014,1106,65,1174,3082,172,874,6717,20314,1978,786,1945,293,1688,102,3478,,,,,
HIMACHAL PRADESH,TOTAL,2014,130,9,283,304,4,16,884,652,478,129,389,1,538,60,325,,,,,
JAMMU & KASHMIR,TOTAL,2014,156,18,331,860,6,89,1367,1773,1527,96,497,5,1421,237,467,,,,,
JHARKHAND,TOTAL,2014,1658,59,1050,1423,244,521,1442,7046,2045,790,1855,350,440,18,1462,,,,,
KARNATAKA,TOTAL,2014,1636,99,1324,1933,292,2516,6032,21019,6607,432,6935,313,5263,170,3025,,,,,
KERALA,TOTAL,2014,367,84,1347,222,71,869,3452,4700,5820,366,6091,28,4367,257,4919,,,,,
MADHYA PRADESH,TOTAL,2014,2274,141,5076,7833,105,1969,12110,29244,2018,610,1888,733,9609,429,6451,,,,,
MAHARASHTRA,TOTAL,2014,2670,171,3438,3793,885,9466,17171,56283,8148,1958,9959,279,10001,1575,7696,,,,,
MANIPUR,TOTAL,2014,96,5,75,182,0,7,75,1001,101,58,99,1,98,0,41,,,,,
MEGHALAYA,TOTAL,2014,159,12,118,179,56,97,146,857,8,61,172,1,105,54,42,,,,,
MIZORAM,TOTAL,2014,42,6,120,7,8,6,470,852,0,18,61,0,97,29,8,,,,,
NAGALAND,TOTAL,2014,58,3,30,37,8,38,54,418,16,9,56,0,16,1,3,,,,,
ODISHA,TOTAL,2014,1450,32,1978,3073,484,1828,4082,9410,1866,485,2246,441,5543,379,3114,,,,,
PUNJAB,TOTAL,2014,767,98,981,1550,32,157,2856,5067,0,295,3712,90,1113,35,1681,,,,,
RAJASTHAN,TOTAL,2014,1637,81,3759,5671,64,1301,6379,29095,536,657,21191,408,5999,18,15905,,,,,
SIKKIM,TOTAL,2014,12,2,47,20,1,13,112,126,81,10,37,0,34,3,5,,,,,
TAMIL NADU,TOTAL,2014,1805,50,455,1746,101,1969,5266,11969,2995,242,4536,95,1102,229,2103,,,,,
TRIPURA,TOTAL,2014,140,3,239,126,1,43,219,369,92,38,145,33,492,11,702,,,,,
UTTAR PRADESH,TOTAL,2014,5150,1412,3467,12361,294,3920,6921,48380,6513,4074,10636,2469,8605,29,10471,,,,,
UTTARAKHAND,TOTAL,2014,218,38,270,691,19,155,323,1737,466,135,390,38,343,4,301,,,,,
WEST BENGAL,TOTAL,2014,2370,359,3409,7285,143,606,359,22915,5521,2028,7239,504,5846,546,23564,,,,,
A & N ISLANDS,TOTAL,2014,8,4,32,22,0,2,64,45,10,6,71,3,41,5,14,,,,,
CHANDIGARH,TOTAL,2014,24,6,59,187,6,65,134,1260,33,23,247,2,87,2,141,,,,,
D & N HAVELI,TOTAL,2014,4,2,5,14,0,2,15,38,6,1,22,0,2,1,6,,,,,
DAMAN & DIU,TOTAL,2014,7,0,2,10,0,5,21,31,4,1,38,0,3,0,1,,,,,
DELHI,TOTAL,2014,586,58,2096,7143,82,6464,10309,78753,160,676,4601,153,4322,1361,3173,,,,,
LAKSHADWEEP,TOTAL,2014,0,0,1,0,0,0,10,15,9,2,0,0,1,2,0,,,,,
PUDUCHERRY,TOTAL,2014,25,3,10,13,3,6,61,424,39,7,59,1,32,8,4,,,,,
ANDHRA PRADESH,TOTAL,2015,2404,132,1341,1131,268,597,3741,12787,3908,863,7364,174,4616,2200,6121,,,,,
ARUNACHAL PRADESH,TOTAL,2015,78,14,105,133,22,113,259,367,82,35,111,0,101,2,66,,,,,
ASSAM,TOTAL,2015,1651,93,1700,6539,545,1167,4420,13169,8516,1728,3774,216,4293,111,11225,,,,,
BIHAR,TOTAL,2015,5015,193,1183,7234,1648,2821,2862,15811,41532,2900,7556,1100,198,96,3645,,,,,
CHHATTISGARH,TOTAL,2015,1467,64,1787,1245,239,669,2563,5061,5656,278,1622,89,1868,53,620,,,,,
GOA,TOTAL,2015,39,14,93,38,25,33,137,512,733,34,119,0,150,34,19,,,,,
GUJARAT,TOTAL,2015,2656,77,812,2159,1460,1543,2323,9346,12968,1869,2389,12,1886,73,4133,,,,,
HARYANA,TOTAL,2015,1755,71,1146,1208,543,1517,2869,6845,6241,654,2007,243,434,90,3525,,,,,
HIMACHAL PRADESH,TOTAL,2015,228,9,299,131,5,14,256,460,2003,84,270,2,1343,58,226,,,,,
JAMMU & KASHMIR,TOTAL,2015,285,30,329,842,7,138,547,2012,6139,109,611,6,844,175,400,,,,,
JHARKHAND,TOTAL,2015,1673,77,1233,1250,458,427,287,3017,2773,486,2219,267,5112,10,1654,,,,,
KARNATAKA,TOTAL,2015,3329,106,1115,1348,856,2054,2921,9578,22709,464,5945,254,3987,154,2732,,,,,
KERALA,TOTAL,2015,733,143,1422,374,285,851,1521,4110,24965,380,4518,8,8949,267,3668,,,,,
MADHYA PRADESH,TOTAL,2015,5016,235,6250,4145,905,2852,5072,14118,14479,703,2591,664,11713,390,5281,,,,,
MAHARASHTRA,TOTAL,2015,5494,263,5188,4423,3743,9515,8560,32103,45787,2460,10427,268,84,1119,7640,,,,,
MANIPUR,TOTAL,2015,62,0,33,84,0,0,9,191,31,11,74,0,95,2,39,,,,,
MEGHALAYA,TOTAL,2015,140,4,104,252,45,93,98,464,2,23,111,1,75,20,44,,,,,
MIZORAM,TOTAL,2015,35,11,68,24,4,13,353,817,1,22,63,0,8,2,9,,,,,
NAGALAND,TOTAL,2015,106,5,35,98,7,60,48,586,84,26,69,0,6499,9,4,,,,,
ODISHA,TOTAL,2015,2103,54,2681,2351,1829,2801,2924,7801,8208,736,2939,356,1123,472,3605,,,,,
PUNJAB,TOTAL,2015,1319,149,991,1168,76,266,1417,3950,0,352,5182,85,4813,27,1583,,,,,
RAJASTHAN,TOTAL,2015,2239,76,2766,2501,228,1747,2786,9436,2119,198,5823,463,21,9,14383,,,,,
SIKKIM,TOTAL,2015,18,8,7,23,0,11,41,107,15,4,19,1,1163,2,2,,,,,
TAMIL NADU,TOTAL,2015,4030,121,529,1825,476,2527,3169,11933,11817,288,5418,65,3608,20,1900,,,,,
TRIPURA,TOTAL,2015,215,2,220,133,7,22,119,207,133,39,86,28,352,6,501,,,,,
UTTAR PRADESH,TOTAL,2015,13479,3675,5369,24858,1762,7344,3883,20163,56667,7225,27443,2335,7885,11,8660,,,,,
UTTARAKHAND,TOTAL,2015,250,41,282,324,61,162,257,1255,674,133,340,54,318,12,407,,,,,
WEST BENGAL,TOTAL,2015,3447,573,1347,5726,484,722,206,11156,11073,1557,6407,498,5069,455,20163,,,,,
A & N ISLANDS,TOTAL,2015,19,0,32,9,0,4,38,30,68,1,11,0,57,5,14,,,,,
CHANDIGARH,TOTAL,2015,38,10,92,84,40,171,93,599,692,30,382,5,76,10,126,,,,,
D & N HAVELI,TOTAL,2015,9,2,8,7,0,6,5,51,56,12,5,1,5,0,2,,,,,
DAMAN & DIU,TOTAL,2015,5,0,4,16,7,15,22,48,70,3,51,0,7,0,3,,,,,
DELHI,TOTAL,2015,964,60,2177,780,306,6088,2337,13701,16038,307,1529,122,5367,1492,3521,,,,,
LAKSHADWEEP,TOTAL,2015,0,0,0,0,0,0,4,0,4,0,0,0,6,1,2,,,,,
PUDUCHERRY,TOTAL,2015,100,5,10,35,5,4,52,442,494,4,74,1,33,10,0,,,,,
ANDHRA PRADESH,TOTAL,2016,1123,83,994,917,63,315,4405,12740,657,764,4877,193,4829,1831,6461,,,,,
ARUNACHAL PRADESH,TOTAL,2016,46,6,92,112,10,63,222,510,8,21,107,1,109,10,50,,,,,
ASSAM,TOTAL,2016,1149,34,1779,6126,156,940,4886,12955,1671,1767,4171,157,3378,34,9321,,,,,
BIHAR,TOTAL,2016,2581,150,1008,7324,349,1410,4511,22228,11617,1361,5889,987,324,167,3794,,,,,
CHHATTISGARH,TOTAL,2016,957,37,1626,2071,60,379,3209,5450,652,139,1068,84,1770,101,622,,,,,
GOA,TOTAL,2016,30,12,61,106,7,14,168,463,117,39,141,2,143,32,23,,,,,
GUJARAT,TOTAL,2016,1120,73,982,2784,323,1155,4384,13791,1659,1330,1693,12,1224,59,3732,,,,,
HARYANA,TOTAL,2016,1057,42,1187,3932,177,734,6937,21741,2844,1184,3155,260,1860,124,3313,,,,,
HIMACHAL PRADESH,TOTAL,2016,101,3,252,290,3,11,555,480,395,119,346,3,410,49,214,,,,,
JAMMU & KASHMIR,TOTAL,2016,142,22,256,810,6,59,1232,1820,3410,78,538,6,1235,153,342,,,,,
JHARKHAND,TOTAL,2016,1514,31,1109,1309,210,551,1406,7285,1721,292,2254,278,667,13,1002,,,,,
KARNATAKA,TOTAL,2016,1573,77,1655,2916,329,2157,5987,20687,6263,395,7117,234,5260,160,2556,,,,,
KERALA,TOTAL,2016,305,132,1656,241,71,908,2579,3936,5089,274,4623,25,4029,328,3455,,,,,
MADHYA PRADESH,TOTAL,2016,2004,136,4882,7123,125,1602,10806,28663,1665,498,1957,629,8717,358,6264,,,,,
MAHARASHTRA,TOTAL,2016,2299,184,4189,9333,656,6030,14834,59097,7898,2036,9792,248,11396,924,7215,,,,,
MANIPUR,TOTAL,2016,78,4,55,145,1,15,69,801,119,18,88,0,65,5,29,,,,,
MEGHALAYA,TOTAL,2016,108,5,190,156,31,87,219,871,1,63,197,0,68,17,26,,,,,
MIZORAM,TOTAL,2016,29,8,23,6,6,4,678,961,3,31,71,0,71,1,19,,,,,
NAGALAND,TOTAL,2016,36,14,26,91,2,32,105,478,7,22,57,1,14,8,3,,,,,
ODISHA,TOTAL,2016,1328,16,1983,3046,456,2012,4004,9044,1914,449,3197,397,8252,437,2781,,,,,
PUNJAB,TOTAL,2016,771,120,838,1591,43,147,2976,5982,0,285,3947,80,1025,10,1568,,,,,
RAJASTHAN,TOTAL,2016,1551,81,3656,5299,66,970,5301,27406,293,406,18602,462,4839,15,13811,,,,,
SIKKIM,TOTAL,2016,17,1,92,12,0,5,76,93,12,6,52,0,34,11,2,,,,,
TAMIL NADU,TOTAL,2016,1603,36,319,1223,109,1680,4535,12128,2002,122,3093,58,854,27,1256,,,,,
TRIPURA,TOTAL,2016,145,2,207,139,1,22,142,244,78,30,79,19,214,1,430,,,,,
UTTAR PRADESH,TOTAL,2016,4889,1272,4816,15898,284,4502,7503,56550,8018,3912,10553,2473,11335,35,11156,,,,,
UTTARAKHAND,TOTAL,2016,194,29,336,790,17,128,418,1823,481,161,888,57,344,3,392,,,,,
WEST BENGAL,TOTAL,2016,2044,392,1110,6045,115,472,276,19902,2691,1646,6893,535,4177,449,19302,,,,,
A & N ISLANDS,TOTAL,2016,14,1,30,26,0,5,58,64,8,5,76,0,46,2,7,,,,,
CHANDIGARH,TOTAL,2016,26,6,68,180,5,54,141,918,40,22,188,4,76,13,122,,,,,
D & N HAVELI,TOTAL,2016,5,0,14,10,3,1,22,29,9,6,13,0,1,1,6,,,,,
DAMAN & DIU,TOTAL,2016,4,1,12,21,1,2,20,42,9,3,21,0,4,2,8,,,,,
DELHI,TOTAL,2016,528,54,2155,6619,46,4761,14307,130928,79,599,5396,162,4165,918,3877,,,,,
LAKSHADWEEP,TOTAL,2016,0,0,5,0,0,0,1,8,0,0,1,0,1,1,2,,,,,
PUDUCHERRY,TOTAL,2016,33,2,6,15,2,8,40,536,33,14,77,0,43,3,15,,,,,
ANDHRA PRADESH,TOTAL,2017,1054,202,988,778,58,340,4386,13303,510,780,4377,152,5129,1998,7156,,,,,
ARUNACHAL PRADESH,TOTAL,2017,79,7,59,63,6,58,210,581,20,15,64,0,97,5,56,,,,,
ASSAM,TOTAL,2017,1144,32,1772,5259,154,1092,4658,14298,1246,2164,3734,171,3569,108,9782,,,,,
BIHAR,TOTAL,2017,2712,111,589,6409,317,1555,4659,26707,11465,1157,4029,1080,197,1,3376,,,,,
CHHATTISGARH,TOTAL,2017,919,32,1908,2020,69,356,3541,6727,664,164,958,74,1899,144,582,,,,,
GOA,TOTAL,2017,31,9,76,67,2,27,184,468,121,42,86,1,134,31,21,,,,,
GUJARAT,TOTAL,2017,981,71,474,1877,300,1244,4368,13464,1738,978,1963,9,1058,17,3223,,,,,
HARYANA,TOTAL,2017,972,52,1011,1225,187,544,6850,24947,2217,1391,2315,245,2031,179,3326,,,,,
HIMACHAL PRADESH,TOTAL,2017,86,8,248,316,3,8,548,594,338,133,267,3,397,52,191,,,,,
JAMMU & KASHMIR,TOTAL,2017,152,24,294,871,2,56,1348,1841,1481,73,321,8,1417,41,377,,,,,
JHARKHAND,TOTAL,2017,1487,40,914,953,177,526,1631,8841,1791,332,1920,248,748,104,998,,,,,
KARNATAKA,TOTAL,2017,1384,80,546,2676,304,2152,6237,21211,5377,532,5840,206,5763,212,2332,,,,,
KERALA,TOTAL,2017,253,89,1633,168,48,586,1880,2740,4188,187,2852,12,4413,421,2856,,,,,
MADHYA PRADESH,TOTAL,2017,1908,152,5562,7339,95,1581,10613,31043,1741,482,1634,632,9252,277,6099,,,,,
MAHARASHTRA,TOTAL,2017,1570,234,1213,5093,503,3496,9016,61162,6418,874,3508,233,9392,919,6584,,,,,
MANIPUR,TOTAL,2017,63,9,40,80,1,8,90,785,109,28,136,0,66,8,19,,,,,
MEGHALAYA,TOTAL,2017,12,1,48,13,9,14,16,80,5,3,19,1,88,21,20,,,,,
MIZORAM,TOTAL,2017,21,5,25,2,0,5,564,931,2,17,55,0,64,2,20,,,,,
NAGALAND,TOTAL,2017,36,2,10,58,4,30,81,386,5,19,27,0,12,0,3,,,,,
ODISHA,TOTAL,2017,1214,22,1893,2220,423,1787,3579,6928,2285,414,2056,326,9132,490,2525,,,,,
PUNJAB,TOTAL,2017,609,108,456,973,26,116,2792,6311,1,252,1998,68,933,22,1199,,,,,
RAJASTHAN,TOTAL,2017,1473,103,3305,3234,44,972,5022,27573,345,443,12645,457,4883,24,11508,,,,,
SIKKIM,TOTAL,2017,13,1,17,65,0,3,77,79,2,12,18,0,21,7,5,,,,,
TAMIL NADU,TOTAL,2017,1560,51,283,848,100,1841,4751,15422,1935,160,2751,48,744,9,984,,,,,
TRIPURA,TOTAL,2017,124,3,95,111,4,17,176,272,125,24,59,33,225,9,348,,,,,
UTTAR PRADESH,TOTAL,2017,4185,1214,4164,18040,240,3857,8974,56166,8781,5180,8379,2524,12607,91,12653,,,,,
UTTARAKHAND,TOTAL,2017,128,29,319,351,10,180,336,1593,514,154,258,60,435,4,394,,,,,
WEST BENGAL,TOTAL,2017,2001,343,1084,3827,66,369,258,17012,2067,1619,7308,499,3832,448,16800,,,,,
A & N ISLANDS,TOTAL,2017,9,0,13,30,4,8,70,48,7,0,17,1,38,11,4,,,,,
CHANDIGARH,TOTAL,2017,25,4,65,177,10,54,181,1460,38,18,72,1,100,12,121,,,,,
D & N HAVELI,TOTAL,2017,3,1,1,14,4,4,24,38,9,4,14,0,3,0,4,,,,,
DAMAN & DIU,TOTAL,2017,6,0,7,14,0,1,22,59,7,6,67,0,6,1,5,,,,,
DELHI,TOTAL,2017,487,45,1229,5598,36,3147,9828,173996,50,393,2886,120,2874,619,2735,,,,,
LAKSHADWEEP,TOTAL,2017,0,0,0,0,0,1,3,18,1,0,0,0,0,0,2,,,,,
PUDUCHERRY,TOTAL,2017,25,3,7,0,4,18,18,59,3,0,14,1,22,3,2,,,,,
ANDHRA PRADESH,TOTAL,2018,935,266,971,855,51,252,3302,11066,561,652,4684,140,4445,1802,6831,,,,,
ARUNACHAL PRADESH,TOTAL,2018,62,8,67,96,5,63,176,623,20,30,74,0,103,12,60,,,,,
ASSAM,TOTAL,2018,1241,34,1648,6149,156,1501,4507,15800,1158,2295,4703,173,4180,171,11136,,,,,
BIHAR,TOTAL,2018,2854,110,636,8705,265,1686,4527,30474,10073,795,5492,1107,262,30,2539,,,,,
CHHATTISGARH,TOTAL,2018,5092,418,3322,15805,477,3502,12512,57963,11812,3772,14953,79,1854,184,503,,,,,
GOA,TOTAL,2018,29,4,61,77,3,18,144,502,93,52,104,0,125,26,9,,,,,
GUJARAT,TOTAL,2018,1068,77,552,1759,333,1458,4093,12930,1894,818,2432,9,1208,12,2923,,,,,
HARYANA,TOTAL,2018,1104,46,1296,2015,194,502,7771,28969,2683,1614,1962,216,2671,192,4152,,,,,
HIMACHAL PRADESH,TOTAL,2018,99,7,344,424,0,9,635,715,403,120,302,4,513,78,183,,,,,
JAMMU & KASHMIR,TOTAL,2018,178,23,316,980,9,78,1315,1852,1423,65,338,8,1597,25,325,,,,,
JHARKHAND,TOTAL,2018,1712,63,1090,1017,152,557,1714,8762,1782,353,3003,252,1378,37,1032,,,,,
KARNATAKA,TOTAL,2018,1334,86,492,2841,246,2024,5565,19737,4747,492,5592,200,5204,138,2053,,,,,
KERALA,TOTAL,2018,230,69,1542,163,46,582,1891,2553,3521,224,3064,17,4544,461,2046,,,,,
MADHYA PRADESH,TOTAL,2018,1879,131,5433,8306,86,1361,9951,30096,1347,489,1319,547,8790,270,4159,,,,,
MAHARASHTRA,TOTAL,2018,1675,286,1376,6243,627,4715,9271,82290,7983,1012,4376,200,10835,1074,6862,,,,,
MANIPUR,TOTAL,2018,52,5,52,87,0,6,71,899,79,24,88,0,56,8,14,,,,,
MEGHALAYA,TOTAL,2018,11,1,40,31,6,11,18,103,1,1,20,1,95,16,18,,,,,
MIZORAM,TOTAL,2018,27,3,50,1,1,5,459,721,0,17,32,0,67,1,6,,,,,
NAGALAND,TOTAL,2018,14,2,8,13,0,4,35,150,10,4,20,0,10,5,3,,,,,
ODISHA,TOTAL,2018,1306,7,862,3364,446,1843,3345,6920,1976,312,1959,372,9973,506,1984,,,,,
PUNJAB,TOTAL,2018,619,137,752,1184,41,120,2753,6364,0,303,3235,67,956,19,1470,,,,,
RAJASTHAN,TOTAL,2018,1508,77,4335,3838,73,1022,5196,28875,392,387,13474,404,5249,34,12250,,,,,
SIKKIM,TOTAL,2018,12,3,16,71,0,8,77,33,3,6,19,1,23,5,1,,,,,
TAMIL NADU,TOTAL,2018,1569,55,331,843,100,2295,4516,17570,2240,138,3061,55,814,14,789,,,,,
TRIPURA,TOTAL,2018,137,2,97,128,10,25,209,372,256,18,94,18,165,6,303,,,,,
UTTAR PRADESH,TOTAL,2018,3884,1317,3865,20095,128,3043,8061,51642,8685,5777,9215,2444,12555,17,14233,,,,,
UTTARAKHAND,TOTAL,2018,153,34,401,331,4,118,296,1538,480,61,265,63,548,8,622,,,,,
WEST BENGAL,TOTAL,2018,1933,367,1069,4057,56,291,217,13665,1728,1539,6808,444,3399,391,16951,,,,,
A & N ISLANDS,TOTAL,2018,11,3,30,35,4,2,62,69,6,5,17,6,35,4,4,,,,,
CHANDIGARH,TOTAL,2018,20,3,86,196,5,58,194,1298,54,14,145,6,100,3,93,,,,,
D & N HAVELI,TOTAL,2018,7,2,7,6,3,1,21,23,5,8,18,0,6,2,1,,,,,
DAMAN & DIU,TOTAL,2018,5,2,3,29,0,3,28,49,2,4,17,0,5,1,4,,,,,
DELHI,TOTAL,2018,513,77,1215,5651,24,2444,4147,195688,23,333,2625,153,2705,552,3416,,,,,
LAKSHADWEEP,TOTAL,2018,1,0,2,0,0,0,0,8,2,0,0,0,0,1,1,,,,,
PUDUCHERRY,TOTAL,2018,29,1,0,34,4,58,74,622,27,4,43,0,60,9,8,,,,,
ANDHRA PRADESH,TOTAL,2019,870,183,1086,760,40,310,3857,11301,492,932,5720,112,4444,1892,7851,,,,,
ARUNACHAL PRADESH,TOTAL,2019,60,8,63,85,15,76,163,489,60,18,99,1,80,6,54,,,,,
ASSAM,TOTAL,2019,1235,54,1773,6303,193,1944,4945,16478,1033,2570,5887,156,4619,385,11943,,,,,
BIHAR,TOTAL,2019,3025,56,692,8975,376,2332,4513,34335,7155,1101,5488,1120,312,11,2397,,,,,
CHHATTISGARH,TOTAL,2019,913,32,1036,2551,45,439,3788,7110,615,148,975,76,1316,232,732,,,,,
GOA,TOTAL,2019,33,2,72,53,3,11,124,515,103,31,89,1,119,37,9,,,,,
GUJARAT,TOTAL,2019,973,86,528,1587,202,1021,3524,12937,1353,513,2655,9,1048,16,3619,,,,,
HARYANA,TOTAL,2019,1137,50,1480,1944,153,620,7733,25792,2268,1563,2250,248,2581,173,4867,,,,,
HIMACHAL PRADESH,TOTAL,2019,70,19,359,418,1,12,451,475,372,149,323,4,498,72,228,,,,,
JAMMU & KASHMIR,TOTAL,2019,117,17,221,777,1,73,1228,1915,1018,41,283,8,1440,15,347,,,,,
JHARKHAND,TOTAL,2019,1626,66,1416,1285,133,666,1748,10441,2207,351,2316,299,1646,7,1426,,,,,
KARNATAKA,TOTAL,2019,1314,75,505,2883,225,1865,5157,18840,4107,443,5254,194,4937,107,2472,,,,,
KERALA,TOTAL,2019,243,76,1584,239,70,478,1731,2295,3001,138,3623,8,4507,435,2970,,,,,
MADHYA PRADESH,TOTAL,2019,1795,155,2485,9631,82,1290,9661,29270,1110,612,1564,550,5585,174,5496,,,,,
MAHARASHTRA,TOTAL,2019,1623,223,1500,6595,498,5193,9476,75963,6448,1005,4616,196,10472,1074,8430,,,,,
MANIPUR,TOTAL,2019,56,10,36,61,7,2,37,877,69,18,101,0,59,7,15,,,,,
MEGHALAYA,TOTAL,2019,15,0,48,15,9,11,13,129,0,1,18,3,96,18,23,,,,,
MIZORAM,TOTAL,2019,22,6,42,5,0,7,646,1057,2,34,65,0,35,0,5,,,,,
NAGALAND,TOTAL,2019,25,2,8,52,1,28,100,378,1,27,39,0,8,1,0,,,,,
ODISHA,TOTAL,2019,1287,5,1291,4190,355,2113,3688,8218,1873,455,2762,342,11308,536,2739,,,,,
PUNJAB,TOTAL,2019,617,160,922,1386,20,87,3056,6869,0,267,2781,69,944,35,1595,,,,,
RAJASTHAN,TOTAL,2019,1659,114,5997,4869,103,1421,7182,40815,392,487,17160,452,8802,69,18432,,,,,
SIKKIM,TOTAL,2019,17,2,11,51,2,3,57,32,34,4,25,0,21,2,1,,,,,
TAMIL NADU,TOTAL,2019,1745,68,362,700,113,2444,4392,15684,1722,154,2788,28,803,7,781,,,,,
TRIPURA,TOTAL,2019,144,7,88,138,8,21,195,502,171,42,168,38,153,5,451,,,,,
UTTAR PRADESH,TOTAL,2019,3650,1241,2931,15884,114,2042,7982,45839,5571,5391,8233,2410,11988,42,18304,,,,,
UTTARAKHAND,TOTAL,2019,136,41,403,377,14,137,307,1328,436,121,216,57,475,10,644,,,,,
WEST BENGAL,TOTAL,2019,1933,367,1069,4057,56,291,217,13665,1728,1539,6808,444,3399,391,16951,,,,,
A & N ISLANDS,TOTAL,2019,13,0,13,20,0,0,38,32,3,6,8,0,25,3,1,,,,,
CHANDIGARH,TOTAL,2019,26,1,112,167,4,33,125,908,46,10,112,6,66,15,177,,,,,
D & N HAVELI,TOTAL,2019,7,0,0,8,0,3,18,23,11,3,19,3,3,0,3,,,,,
DAMAN & DIU,TOTAL,2019,6,0,4,25,0,6,32,64,1,6,18,2,5,3,4,,,,,
DELHI,TOTAL,2019,521,79,1253,5551,15,1956,3026,245985,23,305,2860,116,2355,456,3792,,,,,
LAKSHADWEEP,TOTAL,2019,0,0,0,0,0,0,0,19,12,0,0,0,5,8,0,,,,,
PUDUCHERRY,TOTAL,2019,29,1,10,9,3,20,43,484,15,4,51,0,23,0,8,,,,,
ANDHRA PRADESH,TOTAL,2020,853,137,1095,595,39,237,3386,9508,431,852,4776,111,4886,2342,6546,,,,,
ARUNACHAL PRADESH,TOTAL,2020,45,4,60,56,7,48,140,395,10,25,84,0,73,3,69,,,,,
ASSAM,TOTAL,2020,1131,45,1657,4574,198,1577,4500,14391,829,2284,5495,148,4642,90,11408,,,,,
BIHAR,TOTAL,2020,3076,89,766,6473,209,1829,3956,31276,9282,586,4253,1046,584,6,1935,,,,,
CHHATTISGARH,TOTAL,2020,972,41,1210,1938,84,458,3652,6040,1019,168,1052,71,1461,279,641,,,,,
GOA,TOTAL,2020,34,3,60,33,2,13,109,398,40,29,98,0,67,35,8,,,,,
GUJARAT,TOTAL,2020,978,114,484,1027,137,491,2698,9087,1083,407,1980,6,846,17,3345,,,,,
HARYANA,TOTAL,2020,1143,52,1373,1195,150,657,6953,20657,2467,1472,2852,251,2339,183,4119,,,,,
HIMACHAL PRADESH,TOTAL,2020,91,10,329,336,2,8,275,345,410,92,285,1,538,88,259,,,,,
JAMMU & KASHMIR,TOTAL,2020,1592,37,1321,1097,118,652,1631,9470,2707,381,1864,9,1744,35,349,,,,,
JHARKHAND,TOTAL,2020,1331,72,504,2143,193,1354,4191,13871,4553,386,3905,275,1358,6,857,,,,,
KARNATAKA,TOTAL,2020,244,70,494,201,51,386,1212,1639,2774,85,5763,176,4751,70,2055,,,,,
KERALA,TOTAL,2020,2101,164,2339,7158,62,994,8288,23716,1240,472,1719,6,3890,442,2707,,,,,
MADHYA PRADESH,TOTAL,2020,1629,196,1291,4494,392,2998,7505,39259,7955,802,3403,608,5378,200,5540,,,,,
MAHARASHTRA,TOTAL,2020,46,1,32,33,0,3,57,659,60,18,104,197,9965,969,6729,,,,,
MANIPUR,TOTAL,2020,13,0,16,8,3,10,24,77,1,6,38,1,61,8,7,,,,,
MEGHALAYA,TOTAL,2020,28,6,33,3,1,8,421,676,1,25,81,1,86,16,17,,,,,
MIZORAM,TOTAL,2020,25,4,4,14,0,23,71,386,0,17,46,0,26,3,7,,,,,
NAGALAND,TOTAL,2020,1397,4,1142,3757,281,1647,3982,7999,1972,430,2518,1,7,2,2,,,,,
ODISHA,TOTAL,2020,694,127,461,1137,36,87,2678,5787,0,239,2298,320,12605,615,3659,,,,,
PUNJAB,TOTAL,2020,1719,96,5310,3873,76,1155,5828,28695,342,357,12228,63,731,28,1271,,,,,
RAJASTHAN,TOTAL,2020,11,2,12,32,0,4,27,29,1,14,17,479,8661,85,13765,,,,,
SIKKIM,TOTAL,2020,1661,72,389,589,128,2023,4275,12492,2122,141,2109,0,18,0,1,,,,,
TAMIL NADU,TOTAL,2020,114,1,79,103,3,4,133,353,83,35,140,40,892,31,689,,,,,
TRIPURA,TOTAL,2020,3631,1405,2696,12228,107,1545,6133,30984,5976,4328,6679,23,115,3,356,,,,,
UTTAR PRADESH,TOTAL,2020,111,22,327,204,1,87,238,918,515,126,143,2274,9864,28,14454,,,,,
UTTARAKHAND,TOTAL,2020,1948,284,1128,6394,52,318,96,9242,933,1503,6225,65,474,43,668,,,,,
WEST BENGAL,TOTAL,2020,5,1,2,6,1,0,24,25,1,3,15,522,2488,446,19962,,,,,
A & N ISLANDS,TOTAL,2020,22,5,60,113,1,23,78,614,31,8,124,0,15,3,2,,,,,
CHANDIGARH,TOTAL,2020,7,0,1,5,2,4,10,24,5,0,3,1,42,4,96,,,,,
D & N HAVELI,TOTAL,2020,6,2,3,14,0,3,14,23,0,1,16,0,2,1,1,,,,,
DAMAN & DIU,TOTAL,2020,472,58,997,3756,9,1963,2199,177439,689,224,2424,1,4,2,3,,,,,
DELHI,TOTAL,2020,149,32,243,747,5,70,1136,2064,782,48,281,110,1840,416,2557,,,,,
LAKSHADWEEP,TOTAL,2020,0,0,3,1,0,0,0,9,0,3,0,0,3,1,0,,,,,
PUDUCHERRY,TOTAL,2020,39,2,8,19,3,16,43,323,33,4,33,2,25,0,9,,,,,
ANDHRA PRADESH,TOTAL,2021,956,112,1188,687,74,259,3789,11831,444,1099,6142,108,5108,2370,7092,,,,,
ARUNACHAL PRADESH,TOTAL,2021,49,3,83,69,7,50,164,745,6,24,107,0,74,10,112,,,,,
ASSAM,TOTAL,2021,1192,95,1733,4770,188,1885,5010,17351,780,3146,6056,198,4499,184,12950,,,,,
BIHAR,TOTAL,2021,2697,133,733,7937,259,2329,3961,37112,6120,315,4789,1000,387,1,2069,,,,,
CHHATTISGARH,TOTAL,2021,1007,42,1093,2604,72,553,4615,8080,904,176,1112,65,1248,238,963,,,,,
GOA,TOTAL,2021,26,2,72,44,1,27,133,565,40,35,72,0,74,20,1,,,,,
GUJARAT,TOTAL,2021,997,114,588,1429,120,552,2906,10143,161,543,2338,11,660,7,2271,,,,,
HARYANA,TOTAL,2021,1112,45,1716,1420,155,692,8389,27011,2253,1440,2067,275,2882,290,5755,,,,,
HIMACHAL PRADESH,TOTAL,2021,86,8,357,406,3,8,292,474,314,115,251,2,487,94,221,,,,,
JAMMU & KASHMIR,TOTAL,2021,136,27,315,871,3,104,1485,2397,751,71,305,16,1851,10,501,,,,,
JHARKHAND,TOTAL,2021,1573,41,1425,1330,124,693,1786,9504,1834,187,1741,281,1335,6,931,,,,,
KARNATAKA,TOTAL,2021,1357,84,555,2755,187,1618,4818,17140,4193,478,4898,158,5105,71,2336,,,,,
KERALA,TOTAL,2021,277,60,577,248,46,556,1473,2125,1313,120,3217,9,4059,504,4997,,,,,
MADHYA PRADESH,TOTAL,2021,2034,197,2947,9360,81,1165,9149,30503,1050,688,2700,522,5760,250,7929,,,,,
MAHARASHTRA,TOTAL,2021,1729,230,1475,5813,502,3526,8331,46140,7404,840,3526,172,10568,1038,10095,,,,,
MANIPUR,TOTAL,2021,46,9,26,47,0,8,52,918,60,27,69,2,92,16,18,,,,,
MEGHALAYA,TOTAL,2021,13,2,6,10,6,8,10,82,0,0,21,0,92,24,21,,,,,
MIZORAM,TOTAL,2021,24,9,26,1,2,21,547,1081,0,44,164,0,31,0,11,,,,,
NAGALAND,TOTAL,2021,27,2,4,40,2,16,77,428,1,22,29,0,11,1,2,,,,,
ODISHA,TOTAL,2021,1320,12,1366,5122,341,2097,4507,10349,2119,706,3797,293,14853,838,4889,,,,,
PUNJAB,TOTAL,2021,656,165,409,1389,41,85,2914,7497,0,287,2353,69,678,39,1714,,,,,
RAJASTHAN,TOTAL,2021,1786,96,6337,4509,77,1485,6821,34873,249,355,14911,452,9079,73,16949,,,,,
SIKKIM,TOTAL,2021,14,2,8,39,0,6,43,32,0,2,39,0,17,0,3,,,,,
TAMIL NADU,TOTAL,2021,1686,71,422,685,111,2558,5157,14274,2275,126,2738,27,1077,32,875,,,,,
TRIPURA,TOTAL,2021,122,5,61,100,7,17,144,361,117,37,159,22,94,1,355,,,,,
UTTAR PRADESH,TOTAL,2021,3584,1342,2769,13997,108,1839,6171,38641,5147,5960,7311,2222,9393,27,18375,,,,,
UTTARAKHAND,TOTAL,2021,170,33,312,317,12,134,392,1687,642,131,530,72,655,13,519,,,,,
WEST BENGAL,TOTAL,2021,1884,246,1123,5512,51,318,90,9232,776,1764,7939,454,2485,424,19952,,,,,
A & N ISLANDS,TOTAL,2021,16,3,15,7,0,2,15,20,2,3,18,1,32,4,4,,,,,
CHANDIGARH,TOTAL,2021,17,1,74,145,6,17,93,757,39,10,134,4,37,6,95,,,,,
D & N HAVELI,TOTAL,2021,11,0,2,17,2,4,32,30,3,1,8,0,4,0,3,,,,,
DAMAN & DIU,TOTAL,2021,3,1,1,29,1,7,14,34,0,11,13,0,3,0,3,,,,,
DELHI,TOTAL,2021,459,60,1250,5064,26,2333,2637,199981,68,242,,141,2068,417,4731,,,,,
LAKSHADWEEP,TOTAL,2021,1,0,0,0,0,0,0,7,0,2,0,0,1,1,3,,,,,
PUDUCHERRY,TOTAL,2021,19,0,2,40,4,12,71,408,17,8,62,2,31,3,12,,,,,
ANDHRA PRADESH,TOTAL,2022,364,57,308,408,16,143,1805,6768,142,544,2812,100,5884,3145,11964,,,,,
ARUNACHAL PRADESH,TOTAL,2022,56,2,74,52,1,52,168,701,11,26,104,0,67,20,74,,,,,
ASSAM,TOTAL,2022,1054,57,1101,3249,76,699,3073,10830,228,1114,2894,175,1984,149,4704,,,,,
BIHAR,TOTAL,2022,2850,107,802,9283,252,2167,4080,41432,4612,372,5952,1057,402,0,1850,,,,,
CHHATTISGARH,TOTAL,2022,957,44,1172,2442,65,475,3956,8643,877,179,1109,57,1322,255,942,,,,,
GOA,TOTAL,2022,44,4,73,66,4,14,103,548,53,30,159,0,87,30,6,,,,,
GUJARAT,TOTAL,2022,951,125,610,1654,115,567,3292,12361,171,646,2081,10,693,17,2166,,,,,
HARYANA,TOTAL,2022,1020,78,1787,1563,117,617,9242,29141,2373,1548,3016,234,2739,322,5883,,,,,
HIMACHAL PRADESH,TOTAL,2022,83,11,358,399,0,8,490,665,343,111,292,1,492,77,196,,,,,
JAMMU & KASHMIR,TOTAL,2022,1550,57,1298,1419,116,702,1994,10450,1793,237,1733,9,1606,19,500,,,,,
JHARKHAND,TOTAL,2022,1390,88,588,3178,219,1699,5332,20805,4055,457,5645,208,1144,2,850,,,,,
KARNATAKA,TOTAL,2022,261,86,560,251,44,546,1706,2575,1174,99,6110,165,6201,78,2812,,,,,
KERALA,TOTAL,2022,1943,182,2986,10070,67,1086,8854,32716,1011,661,2441,11,4940,572,4998,,,,,
MADHYA PRADESH,TOTAL,2022,1742,188,1625,6801,451,3690,9067,59897,7005,1037,3880,518,5564,265,8486,,,,,
MAHARASHTRA,TOTAL,2022,47,1,42,46,1,7,39,1268,84,54,70,180,11512,1317,11367,,,,,
MANIPUR,TOTAL,2022,10,1,11,17,5,6,20,163,1,7,20,0,67,11,10,,,,,
MEGHALAYA,TOTAL,2022,31,11,14,8,2,19,1257,1456,0,44,153,1,63,22,28,,,,,
MIZORAM,TOTAL,2022,21,6,7,24,2,18,106,465,1,31,30,0,28,0,4,,,,,
NAGALAND,TOTAL,2022,1306,38,1386,5294,358,2274,4922,12436,2153,731,3969,0,9,0,3,,,,,
ODISHA,TOTAL,2022,625,234,448,1305,51,104,3704,7686,1,259,2430,263,7327,689,5322,,,,,
PUNJAB,TOTAL,2022,1834,79,5399,6037,104,1622,7718,40364,228,423,18338,71,666,36,1640,,,,,
RAJASTHAN,TOTAL,2022,9,0,13,44,0,5,49,28,8,4,24,451,8508,83,18847,,,,,
SIKKIM,TOTAL,2022,1690,86,421,617,141,2705,5902,17808,2229,216,3402,0,23,2,2,,,,,
TAMIL NADU,TOTAL,2022,109,0,62,69,1,6,129,304,96,33,156,29,1414,58,1043,,,,,
TRIPURA,TOTAL,2022,3387,1217,3623,15573,71,1909,6714,42979,4365,7345,8327,25,87,2,348,,,,,
UTTAR PRADESH,TOTAL,2022,138,34,620,385,14,168,439,2182,757,184,173,2138,10548,55,12653,,,,,
UTTARAKHAND,TOTAL,2022,1696,234,1111,5584,53,284,82,9260,493,2216,7862,70,699,16,394,,,,,
WEST BENGAL,TOTAL,2022,7,3,12,14,0,4,31,24,6,3,29,406,2477,400,16800,,,,,
A & N ISLANDS,TOTAL,2022,18,6,78,139,5,16,88,1276,28,3,223,0,32,5,5,,,,,
CHANDIGARH,TOTAL,2022,10,0,8,28,0,11,151,235,7,6,10,1,42,2,83,,,,,
D & N HAVELI,TOTAL,2022,6,1,1,22,0,4,14,34,4,7,20,0,7,0,3,,,,,
DAMAN & DIU,TOTAL,2022,509,90,1212,5388,18,1808,6189,206650,66,246,2782,0,4,0,7,,,,,
DELHI,TOTAL,2022,99,25,287,895,4,84,1678,2598,520,61,351,131,2017,387,4901,,,,,
LAKSHADWEEP,TOTAL,2022,0,0,4,0,0,0,0,14,0,0,0,0,1,0,3,,,,,
PUDUCHERRY,TOTAL,2022,30,1,9,24,3,18,57,505,21,18,42,1,35,5,9,,,,,
